{
  "run_number": 1,
  "scenario": "bull_low_vol",
  "n_assets": 15,
  "budget": 4,
  "approximation_ratio": 1.0650311587740002,
  "best_solution_probability": 2.9186002393252197e-05,
  "feasibility_rate": 0.13399293698742085,
  "initial_feasibility_rate": 0.1025390625,
  "circuit_depth": 8,
  "convergence_iterations": 30,
  "objective_value": 0.13364542880253225,
  "selected_assets": [
    0,
    1,
    0,
    0,
    0,
    1,
    0,
    0,
    0,
    0,
    0,
    1,
    0,
    0,
    1
  ],
  "top_10_solutions": [
    "000000000000101",
    "110000000000101",
    "001100000000101",
    "000000110000101",
    "000011000000101",
    "000000001100101",
    "111000000000101",
    "100000000000101",
    "000000111000101",
    "000011100000101"
  ],
  "top_10_probabilities": [
    0.028076934302308613,
    0.01859148352450165,
    0.01596474330910895,
    0.014738931208592359,
    0.014038467151154307,
    0.013600677115255524,
    0.01222893500277267,
    0.010448588856784286,
    0.008960102734728425,
    0.00890173072994192
  ],
  "top_10_feasible": [
    false,
    true,
    true,
    true,
    true,
    true,
    false,
    false,
    false,
    false
  ],
  "hamming_weight_distribution": {
    "7": 0.17246008814172437,
    "10": 0.05163003823366331,
    "4": 0.1339929369874203,
    "6": 0.16037708315091875,
    "9": 0.09628462189533947,
    "8": 0.1436243177771921,
    "3": 0.04424597962817035,
    "12": 0.0046989463853135995,
    "5": 0.14219420365992358,
    "2": 0.03000321046026327,
    "11": 0.018912529550827457,
    "13": 0.00046697603829203515,
    "1": 0.0011090680909435833
  }
}