{
  "run_number": 15,
  "scenario": "random",
  "n_assets": 15,
  "budget": 4,
  "approximation_ratio": 1.1456016638086484,
  "best_solution_probability": 0.0,
  "feasibility_rate": 0.12820362785254535,
  "initial_feasibility_rate": 0.099609375,
  "circuit_depth": 8,
  "convergence_iterations": 30,
  "objective_value": 0.1433223917656212,
  "selected_assets": [
    0,
    0,
    0,
    0,
    0,
    0,
    1,
    1,
    1,
    0,
    0,
    1,
    0,
    0,
    0
  ],
  "top_10_solutions": [
    "000000001100101",
    "000000000000101",
    "001100000000101",
    "110000000000101",
    "000011100000101",
    "000011000000101",
    "000000110000101",
    "001110000000101",
    "000000111000101",
    "000011101100101"
  ],
  "top_10_probabilities": [
    0.02609713282621416,
    0.019397308367466354,
    0.011936805149210064,
    0.010620245757753072,
    0.009771796372147454,
    0.009420713867758923,
    0.009157401989467524,
    0.00868929198361615,
    0.008338209479227619,
    0.007957870099473376
  ],
  "top_10_feasible": [
    true,
    false,
    true,
    true,
    false,
    true,
    true,
    false,
    false,
    false
  ],
  "hamming_weight_distribution": {
    "11": 0.01395552954944409,
    "8": 0.153013458162667,
    "7": 0.1810415447630179,
    "6": 0.1693095377413679,
    "5": 0.13964306612053776,
    "9": 0.099063779988298,
    "3": 0.04060854300760678,
    "10": 0.04727911059098868,
    "2": 0.02343475716793447,
    "4": 0.12820362785254535,
    "1": 0.001960210649502633,
    "12": 0.002399063779988298,
    "13": 8.777062609713283e-05
  }
}