{
  "run_number": 14,
  "scenario": "high_return_high_risk",
  "n_assets": 15,
  "budget": 4,
  "approximation_ratio": 1.0477553128239612,
  "best_solution_probability": 2.9618221129638953e-05,
  "feasibility_rate": 0.09338625122175162,
  "initial_feasibility_rate": 0.08935546875,
  "circuit_depth": 8,
  "convergence_iterations": 30,
  "objective_value": 0.20998204962588432,
  "selected_assets": [
    1,
    0,
    1,
    0,
    0,
    1,
    0,
    0,
    1,
    0,
    0,
    0,
    0,
    0,
    0
  ],
  "top_10_solutions": [
    "110110000000101",
    "111000000000101",
    "001110000000101",
    "000000000000101",
    "011000000000101",
    "000110000000101",
    "110110111000101",
    "000000001100101",
    "111010000000101",
    "010110000000101"
  ],
  "top_10_probabilities": [
    0.014394455469004532,
    0.012084234220892694,
    0.011728815567337026,
    0.009537067203743744,
    0.007848828599354324,
    0.006841809080946598,
    0.006101353552705625,
    0.00595326244705743,
    0.005686698456890679,
    0.005568225572372123
  ],
  "top_10_feasible": [
    false,
    false,
    false,
    false,
    true,
    true,
    false,
    true,
    false,
    false
  ],
  "hamming_weight_distribution": {
    "5": 0.1275064419630959,
    "9": 0.12333027278381561,
    "8": 0.1791013831709312,
    "6": 0.16938660664040794,
    "7": 0.18469922696443292,
    "10": 0.05757782187601773,
    "11": 0.018866806859579956,
    "12": 0.0033468589876492,
    "3": 0.028107691852027324,
    "4": 0.09338625122175141,
    "2": 0.013298581287207897,
    "13": 0.0003258004324260285,
    "1": 0.0010662559606670027
  }
}