{
  "run_number": 16,
  "scenario": "bull_low_vol",
  "n_assets": 15,
  "budget": 4,
  "approximation_ratio": 1.100651634480524,
  "best_solution_probability": 0.0,
  "feasibility_rate": 0.13641534198629138,
  "initial_feasibility_rate": 0.08837890625,
  "circuit_depth": 8,
  "convergence_iterations": 47,
  "objective_value": 0.13783506296846465,
  "selected_assets": [
    0,
    0,
    0,
    0,
    0,
    0,
    0,
    0,
    1,
    1,
    1,
    0,
    0,
    0,
    1
  ],
  "top_10_solutions": [
    "000000000000101",
    "000011000000101",
    "000000001100101",
    "001100000000101",
    "000000110000101",
    "110000000000101",
    "000011100000101",
    "001110000000101",
    "100000000000101",
    "000000111000101"
  ],
  "top_10_probabilities": [
    0.020417092022750473,
    0.016829517281610033,
    0.014729473530698556,
    0.013504448009333528,
    0.011462738807058481,
    0.011141898789558116,
    0.009537698702056292,
    0.007525156774099461,
    0.007320985853871955,
    0.006008458509552283
  ],
  "top_10_feasible": [
    false,
    true,
    true,
    true,
    true,
    true,
    false,
    false,
    false,
    false
  ],
  "hamming_weight_distribution": {
    "8": 0.1474989062272111,
    "4": 0.13641534198629085,
    "7": 0.1741869622283772,
    "10": 0.049584366340965726,
    "6": 0.1699868747265548,
    "11": 0.016450342715473267,
    "5": 0.137436196587428,
    "3": 0.041242525885956,
    "12": 0.0038792474843225887,
    "9": 0.09712702347965656,
    "2": 0.023771328569345194,
    "13": 0.0003791745661367946,
    "1": 0.0020125419279568325,
    "14": 2.9167274318214964e-05
  }
}