{
  "run_number": 3,
  "scenario": "neutral_mixed",
  "n_assets": 15,
  "budget": 4,
  "approximation_ratio": 1.009186520406723,
  "best_solution_probability": 0.0,
  "feasibility_rate": 0.124656010305053,
  "initial_feasibility_rate": 0.09423828125,
  "circuit_depth": 8,
  "convergence_iterations": 47,
  "objective_value": 0.08255760493415823,
  "selected_assets": [
    1,
    0,
    0,
    0,
    0,
    0,
    0,
    0,
    0,
    1,
    1,
    0,
    1,
    0,
    0
  ],
  "top_10_solutions": [
    "000000000000101",
    "000000001100101",
    "001100000000101",
    "110000000000101",
    "000011000000101",
    "000000110000101",
    "100000000000101",
    "000000111000101",
    "001110000000101",
    "000011100000101"
  ],
  "top_10_probabilities": [
    0.022893612038175536,
    0.015486855202295216,
    0.014081620703788277,
    0.012559283330405761,
    0.012237250424497921,
    0.011505357456525558,
    0.010100122958018619,
    0.009631711458516306,
    0.009163299959013993,
    0.008255752678728263
  ],
  "top_10_feasible": [
    false,
    true,
    true,
    true,
    true,
    true,
    false,
    false,
    false,
    false
  ],
  "hamming_weight_distribution": {
    "11": 0.019497628666783767,
    "6": 0.16435388488787292,
    "5": 0.13458047895075786,
    "9": 0.10354821710873043,
    "7": 0.18074828737045362,
    "10": 0.051935125007318735,
    "4": 0.12465601030505324,
    "8": 0.1533754903682872,
    "2": 0.024152467943088,
    "12": 0.0036009134024240263,
    "3": 0.03893670589612974,
    "1": 0.00014637859359447274,
    "13": 0.0004391357807834183,
    "14": 2.927571871889455e-05
  }
}