{
  "run_number": 6,
  "scenario": "bull_low_vol",
  "n_assets": 15,
  "budget": 4,
  "approximation_ratio": 1.0714634137779386,
  "best_solution_probability": 0.0,
  "feasibility_rate": 0.14090578127275374,
  "initial_feasibility_rate": 0.1005859375,
  "circuit_depth": 8,
  "convergence_iterations": 30,
  "objective_value": 0.13654580906789268,
  "selected_assets": [
    0,
    1,
    0,
    0,
    1,
    0,
    1,
    0,
    0,
    0,
    0,
    0,
    0,
    1,
    0
  ],
  "top_10_solutions": [
    "000000000000101",
    "001100000000101",
    "000000001100101",
    "000011000000101",
    "110000000000101",
    "000000110000101",
    "001110000000101",
    "000000111000101",
    "000000001110101",
    "100000000000101"
  ],
  "top_10_probabilities": [
    0.025950196592398427,
    0.01802825105577399,
    0.01712538226299694,
    0.016979758264161933,
    0.014096403087228775,
    0.012844036697247707,
    0.010514052715887578,
    0.010426678316586573,
    0.009669433522644532,
    0.0090869375273045
  ],
  "top_10_feasible": [
    false,
    true,
    true,
    true,
    true,
    true,
    false,
    false,
    false,
    false
  ],
  "hamming_weight_distribution": {
    "10": 0.0498034076015726,
    "7": 0.16851609145187124,
    "2": 0.028862676569098578,
    "9": 0.09634483762924227,
    "8": 0.1417212756662299,
    "5": 0.1434687636522495,
    "6": 0.16534148827726755,
    "4": 0.14090578127275344,
    "3": 0.04508519003931843,
    "11": 0.014649774282801793,
    "12": 0.002854230377166157,
    "1": 0.0020969855832241153,
    "0": 2.91247997670016e-05,
    "13": 0.0003203727974370176
  }
}