{
  "run_number": 17,
  "scenario": "bear_high_vol",
  "n_assets": 15,
  "budget": 4,
  "approximation_ratio": 1.1849635860480796,
  "best_solution_probability": 0.0001755720723356938,
  "feasibility_rate": 0.12600222391291624,
  "initial_feasibility_rate": 0.08935546875,
  "circuit_depth": 8,
  "convergence_iterations": 47,
  "objective_value": 0.021165510347348784,
  "selected_assets": [
    1,
    0,
    1,
    0,
    1,
    0,
    0,
    0,
    0,
    1,
    0,
    0,
    0,
    0,
    0
  ],
  "top_10_solutions": [
    "000000000000101",
    "110000000000101",
    "000000001100101",
    "000000110000101",
    "001100000000101",
    "000011100000101",
    "000011000000101",
    "100000000000101",
    "111000000000101",
    "001110000000101"
  ],
  "top_10_probabilities": [
    0.023409609644759174,
    0.01501141218470182,
    0.013782407678351963,
    0.013284953473400831,
    0.012582665184058055,
    0.011763328846491485,
    0.010095394159302393,
    0.0099198220869667,
    0.009246795809679874,
    0.008544507520337098
  ],
  "top_10_feasible": [
    false,
    true,
    true,
    true,
    true,
    false,
    true,
    false,
    false,
    false
  ],
  "hamming_weight_distribution": {
    "8": 0.14900216538889235,
    "5": 0.14039913384444316,
    "7": 0.17647919470942808,
    "9": 0.09975419909873161,
    "6": 0.16568151226078315,
    "4": 0.12600222391291643,
    "10": 0.05217416749575681,
    "3": 0.041142388950664216,
    "11": 0.019195879908702477,
    "12": 0.003804061567273369,
    "2": 0.025809094633346987,
    "14": 0.00011704804822379587,
    "1": 0.00011704804822379587,
    "13": 0.00032188213261543866
  }
}