{
  "run_number": 7,
  "scenario": "bear_high_vol",
  "n_assets": 15,
  "budget": 4,
  "approximation_ratio": 1.0,
  "best_solution_probability": 0.0,
  "feasibility_rate": 0.13865019952812327,
  "initial_feasibility_rate": 0.1005859375,
  "circuit_depth": 8,
  "convergence_iterations": 30,
  "objective_value": 0.0344590838897641,
  "selected_assets": [
    0,
    0,
    1,
    1,
    0,
    0,
    0,
    0,
    0,
    1,
    0,
    0,
    0,
    0,
    1
  ],
  "top_10_solutions": [
    "000000000000101",
    "000011000000101",
    "110000000000101",
    "000000110000101",
    "000000001100101",
    "001100000000101",
    "100000000000101",
    "111000000000101",
    "000011100000101",
    "000000111000101"
  ],
  "top_10_probabilities": [
    0.02837086015554455,
    0.02161311933820745,
    0.01750604410008447,
    0.01651568553202645,
    0.014593224782266757,
    0.013806763566455972,
    0.013049430543823367,
    0.010893944248638257,
    0.010486149544143777,
    0.01013661122600565
  ],
  "top_10_feasible": [
    false,
    true,
    true,
    true,
    true,
    true,
    false,
    false,
    false,
    false
  ],
  "hamming_weight_distribution": {
    "8": 0.14191255716407897,
    "9": 0.09455011505636227,
    "6": 0.16652588039963898,
    "4": 0.13865019952812346,
    "5": 0.14328158224345358,
    "7": 0.17208936529667113,
    "10": 0.047333313914537996,
    "12": 0.003728408726806678,
    "11": 0.017593428679619015,
    "3": 0.04488654568757103,
    "2": 0.02892429582592992,
    "1": 0.0001456409658908858,
    "13": 0.00037866651131630304
  }
}