{
  "run_number": 10,
  "scenario": "random",
  "n_assets": 15,
  "budget": 4,
  "approximation_ratio": 1.0,
  "best_solution_probability": 0.0,
  "feasibility_rate": 0.1364219488016794,
  "initial_feasibility_rate": 0.10400390625,
  "circuit_depth": 8,
  "convergence_iterations": 47,
  "objective_value": 0.1687110085683015,
  "selected_assets": [
    1,
    0,
    0,
    0,
    0,
    0,
    0,
    1,
    1,
    0,
    0,
    1,
    0,
    0,
    0
  ],
  "top_10_solutions": [
    "000000000000101",
    "001100000000101",
    "110000000000101",
    "000000001100101",
    "000011000000101",
    "000000110000101",
    "100000000000101",
    "000000001110101",
    "111000000000101",
    "000000111000101"
  ],
  "top_10_probabilities": [
    0.02676540906175287,
    0.019418041868330516,
    0.018310105545512857,
    0.01626917021400665,
    0.013994985130328298,
    0.011749956265671468,
    0.010233832876552568,
    0.00903842789667036,
    0.008950959239605807,
    0.008892646801562773
  ],
  "top_10_feasible": [
    false,
    true,
    true,
    true,
    true,
    true,
    false,
    false,
    false,
    false
  ],
  "hamming_weight_distribution": {
    "10": 0.05079013353548329,
    "5": 0.13645110502070132,
    "7": 0.17208000466499598,
    "8": 0.14563531401247942,
    "9": 0.097556708845996,
    "6": 0.16482010612863815,
    "4": 0.13642194880167954,
    "3": 0.04154761210566216,
    "11": 0.020584290629191246,
    "12": 0.00510233832876552,
    "2": 0.028398157326957846,
    "1": 2.915621902151729e-05,
    "13": 0.0005539681614088285,
    "14": 2.915621902151729e-05
  }
}