{
  "run_number": 5,
  "scenario": "random",
  "n_assets": 15,
  "budget": 4,
  "approximation_ratio": 1.075423108652984,
  "best_solution_probability": 0.0,
  "feasibility_rate": 0.13615023474178403,
  "initial_feasibility_rate": 0.10791015625,
  "circuit_depth": 8,
  "convergence_iterations": 30,
  "objective_value": 0.14492295823408635,
  "selected_assets": [
    0,
    1,
    0,
    0,
    1,
    1,
    0,
    0,
    1,
    0,
    0,
    0,
    0,
    0,
    0
  ],
  "top_10_solutions": [
    "000000000000101",
    "110000000000101",
    "000000001100101",
    "000011000000101",
    "001100000000101",
    "000000110000101",
    "000011100000101",
    "001110000000101",
    "000000111000101",
    "000000001110101"
  ],
  "top_10_probabilities": [
    0.026186102119966175,
    0.01802117050126848,
    0.016446505117662498,
    0.01560085148572595,
    0.015309246785058175,
    0.014026186102119967,
    0.010147843583238562,
    0.009972880762837897,
    0.008806461960166798,
    0.008456536319365469
  ],
  "top_10_feasible": [
    false,
    true,
    true,
    true,
    true,
    true,
    false,
    false,
    false,
    false
  ],
  "hamming_weight_distribution": {
    "5": 0.14183652640480696,
    "7": 0.17222173621439216,
    "11": 0.017350479689732596,
    "9": 0.09902895634677629,
    "4": 0.1361502347417848,
    "6": 0.16633132126090197,
    "8": 0.14661884349576043,
    "10": 0.0484063803108506,
    "12": 0.0035575773481468513,
    "2": 0.02764412562330505,
    "3": 0.04032893010235324,
    "1": 0.00020412329046744232,
    "13": 0.0003207651707345522
  }
}