{
  "run_number": 4,
  "scenario": "high_return_high_risk",
  "n_assets": 15,
  "budget": 4,
  "approximation_ratio": 1.0306495332523233,
  "best_solution_probability": 0.0,
  "feasibility_rate": 0.12257932206369203,
  "initial_feasibility_rate": 0.09228515625,
  "circuit_depth": 8,
  "convergence_iterations": 47,
  "objective_value": 0.21742967836141266,
  "selected_assets": [
    1,
    0,
    0,
    0,
    0,
    1,
    0,
    0,
    1,
    0,
    0,
    0,
    0,
    0,
    1
  ],
  "top_10_solutions": [
    "000000000000101",
    "001100000000101",
    "110000000000101",
    "000000001100101",
    "000011000000101",
    "000011100000101",
    "000000111000101",
    "000000110000101",
    "000000001110101",
    "111000000000101"
  ],
  "top_10_probabilities": [
    0.025371341517007002,
    0.015322415257961504,
    0.014853660680280082,
    0.01379896288049688,
    0.012861453725134035,
    0.011396595669879588,
    0.011396595669879588,
    0.011279407025459234,
    0.0111036240588287,
    0.010429789353411654
  ],
  "top_10_feasible": [
    false,
    true,
    true,
    true,
    true,
    false,
    false,
    true,
    false,
    false
  ],
  "hamming_weight_distribution": {
    "11": 0.018750183107256863,
    "6": 0.16333167316086977,
    "10": 0.05302786160021141,
    "9": 0.09905370169630555,
    "7": 0.17475756599185402,
    "8": 0.15175929452435907,
    "4": 0.12257932206369188,
    "5": 0.1439955468315114,
    "3": 0.041133214191544885,
    "2": 0.027363548472153047,
    "12": 0.0038672252658717393,
    "13": 0.00023437728884071133,
    "1": 0.0001464858055254446
  }
}