{
  "run_number": 12,
  "scenario": "bear_high_vol",
  "n_assets": 15,
  "budget": 4,
  "approximation_ratio": 1.0370231198514388,
  "best_solution_probability": 0.0,
  "feasibility_rate": 0.12305483105236938,
  "initial_feasibility_rate": 0.109375,
  "circuit_depth": 8,
  "convergence_iterations": 30,
  "objective_value": 0.02633437214827719,
  "selected_assets": [
    0,
    0,
    0,
    0,
    0,
    1,
    1,
    1,
    0,
    0,
    0,
    0,
    0,
    1,
    0
  ],
  "top_10_solutions": [
    "000000001110101",
    "000000000000101",
    "110000000000101",
    "001100000000101",
    "000000001100101",
    "000000110000101",
    "000011000000101",
    "000000111110101",
    "001100001110101",
    "100000000000101"
  ],
  "top_10_probabilities": [
    0.019224569938164873,
    0.019165958444450956,
    0.014271898719338863,
    0.012044661958210004,
    0.010989655071359494,
    0.0108431263370747,
    0.00890894704451543,
    0.007531576942238373,
    0.007502271195381415,
    0.007297130967382704
  ],
  "top_10_feasible": [
    false,
    false,
    true,
    true,
    true,
    true,
    true,
    false,
    false,
    false
  ],
  "hamming_weight_distribution": {
    "10": 0.06174720862761174,
    "5": 0.1322568355654557,
    "4": 0.12305483105236921,
    "8": 0.154558508923604,
    "9": 0.10535415995076612,
    "6": 0.15479295489845896,
    "7": 0.17305043519034535,
    "3": 0.03935761802889545,
    "12": 0.006681710283386568,
    "11": 0.024118629663276943,
    "2": 0.022858482548427744,
    "13": 0.0006447264308530903,
    "1": 0.0015238988365618498
  }
}