{
  "run_number": 2,
  "scenario": "bear_high_vol",
  "n_assets": 15,
  "budget": 4,
  "approximation_ratio": 1.0,
  "best_solution_probability": 0.015778401122019635,
  "feasibility_rate": 0.13031790556334735,
  "initial_feasibility_rate": 0.0810546875,
  "circuit_depth": 8,
  "convergence_iterations": 47,
  "objective_value": 0.026155647109476248,
  "selected_assets": [
    1,
    0,
    1,
    0,
    0,
    0,
    0,
    0,
    0,
    1,
    1,
    0,
    0,
    0,
    0
  ],
  "top_10_solutions": [
    "000000000000101",
    "000000110000101",
    "000011000000101",
    "000000001100101",
    "110000000000101",
    "001100000000101",
    "000000001110101",
    "000011100000101",
    "100000000000101",
    "111000000000101"
  ],
  "top_10_probabilities": [
    0.028225806451612902,
    0.01694717157550257,
    0.015778401122019635,
    0.014200561009817671,
    0.01384992987377279,
    0.01332398316970547,
    0.01195067788686302,
    0.010635811126694717,
    0.009788452547919588,
    0.009583917718560075
  ],
  "top_10_feasible": [
    false,
    true,
    true,
    true,
    true,
    true,
    false,
    false,
    false,
    false
  ],
  "hamming_weight_distribution": {
    "8": 0.14562879850397162,
    "10": 0.0511044880785416,
    "9": 0.0981767180925672,
    "3": 0.04166666666666669,
    "11": 0.020102851799906542,
    "5": 0.14291140719962458,
    "7": 0.17107877512856162,
    "6": 0.16310191678354163,
    "2": 0.030417251051893412,
    "4": 0.13031790556334685,
    "13": 0.0006720430107526882,
    "12": 0.004675081813931742,
    "1": 0.000146096306685367
  }
}