{
  "run_number": 18,
  "scenario": "neutral_mixed",
  "n_assets": 15,
  "budget": 4,
  "approximation_ratio": 1.0,
  "best_solution_probability": 0.0,
  "feasibility_rate": 0.10654095462581026,
  "initial_feasibility_rate": 0.10302734375,
  "circuit_depth": 8,
  "convergence_iterations": 30,
  "objective_value": 0.07330341016137268,
  "selected_assets": [
    0,
    0,
    0,
    1,
    0,
    0,
    0,
    0,
    0,
    0,
    1,
    1,
    0,
    1,
    0
  ],
  "top_10_solutions": [
    "000000001100101",
    "000000001110101",
    "000000000010101",
    "000000000000101",
    "100000000010101",
    "000000110000101",
    "000011000000101",
    "000000110110101",
    "000000111010101",
    "000000110100101"
  ],
  "top_10_probabilities": [
    0.019092516205067765,
    0.015232763700648203,
    0.015026517383618149,
    0.013965822038892163,
    0.008780200353565115,
    0.008750736593989393,
    0.007071302298173247,
    0.007012374779021803,
    0.006894519740718916,
    0.006364172068355922
  ],
  "top_10_feasible": [
    true,
    false,
    false,
    false,
    true,
    true,
    true,
    false,
    false,
    false
  ],
  "hamming_weight_distribution": {
    "6": 0.16700058927518943,
    "8": 0.15951679434295496,
    "7": 0.1764584560989949,
    "9": 0.11423099587507164,
    "10": 0.06051856216853292,
    "5": 0.13137890394814253,
    "4": 0.10654095462580986,
    "11": 0.02362993517972899,
    "3": 0.03850913376546851,
    "12": 0.00468473777253978,
    "13": 0.00044195639363582795,
    "2": 0.01688273423688863,
    "1": 0.00017678255745433118,
    "14": 2.9463759575721862e-05
  }
}