{
  "run_number": 13,
  "scenario": "neutral_mixed",
  "n_assets": 15,
  "budget": 4,
  "approximation_ratio": 1.0,
  "best_solution_probability": 0.0,
  "feasibility_rate": 0.13143441425650015,
  "initial_feasibility_rate": 0.08447265625,
  "circuit_depth": 8,
  "convergence_iterations": 47,
  "objective_value": 0.07842083107258775,
  "selected_assets": [
    0,
    1,
    0,
    0,
    0,
    0,
    1,
    0,
    0,
    1,
    0,
    0,
    0,
    0,
    1
  ],
  "top_10_solutions": [
    "000000000000101",
    "110000000000101",
    "000011000000101",
    "000000110000101",
    "000000001100101",
    "001100000000101",
    "111000000000101",
    "000000111000101",
    "000000001110101",
    "100000000000101"
  ],
  "top_10_probabilities": [
    0.02322524101665206,
    0.016038562664329535,
    0.015249780893952673,
    0.013350861817119485,
    0.011685655857435,
    0.011510371019573473,
    0.010020449897750512,
    0.009874379199532574,
    0.009699094361671049,
    0.0079462459830558
  ],
  "top_10_feasible": [
    false,
    true,
    true,
    true,
    true,
    true,
    false,
    false,
    false,
    false
  ],
  "hamming_weight_distribution": {
    "6": 0.1598889862693512,
    "8": 0.14323692667250712,
    "5": 0.13704352906806758,
    "9": 0.1009348524685954,
    "11": 0.01855097867367808,
    "7": 0.1767455448437002,
    "4": 0.1314344142564996,
    "3": 0.043587496348232606,
    "10": 0.055390008764242125,
    "12": 0.004557405784399645,
    "2": 0.02588372772421853,
    "13": 0.0007303534910896872,
    "1": 0.0020157756354075374
  }
}