{
  "run_number": 20,
  "scenario": "random",
  "n_assets": 15,
  "budget": 4,
  "approximation_ratio": 1.1788622778967042,
  "best_solution_probability": 0.0,
  "feasibility_rate": 0.1345704948646125,
  "initial_feasibility_rate": 0.091796875,
  "circuit_depth": 8,
  "convergence_iterations": 47,
  "objective_value": 0.16549256083590644,
  "selected_assets": [
    0,
    0,
    1,
    0,
    0,
    0,
    0,
    0,
    0,
    1,
    0,
    0,
    1,
    1,
    0
  ],
  "top_10_solutions": [
    "000000000000101",
    "000000110000101",
    "000011000000101",
    "000000001100101",
    "110000000000101",
    "001100000000101",
    "000000001110101",
    "001110000000101",
    "000000111000101",
    "111000000000101"
  ],
  "top_10_probabilities": [
    0.02774859943977591,
    0.018207282913165267,
    0.017069327731092435,
    0.01636904761904762,
    0.015610410830999066,
    0.01330532212885154,
    0.012546685340802988,
    0.009628851540616247,
    0.009453781512605041,
    0.00936624649859944
  ],
  "top_10_feasible": [
    false,
    true,
    true,
    true,
    true,
    true,
    false,
    false,
    false,
    false
  ],
  "hamming_weight_distribution": {
    "5": 0.14081465919701197,
    "12": 0.005106209150326794,
    "10": 0.05427170868347327,
    "8": 0.1459208683473386,
    "7": 0.17148109243697449,
    "9": 0.1001108776844069,
    "2": 0.0300828664799253,
    "4": 0.13457049486461242,
    "6": 0.15838001867413606,
    "3": 0.038194444444444434,
    "11": 0.020103874883286615,
    "13": 0.0007002801120448179,
    "1": 0.00023342670401493932,
    "14": 2.9178338001867415e-05
  }
}