{
  "run_number": 9,
  "scenario": "high_return_high_risk",
  "n_assets": 15,
  "budget": 4,
  "approximation_ratio": 1.0678454321238546,
  "best_solution_probability": 2.931175987806308e-05,
  "feasibility_rate": 0.12152655645444953,
  "initial_feasibility_rate": 0.08154296875,
  "circuit_depth": 8,
  "convergence_iterations": 47,
  "objective_value": 0.19060982426856168,
  "selected_assets": [
    1,
    0,
    0,
    1,
    0,
    1,
    0,
    0,
    1,
    0,
    0,
    0,
    0,
    0,
    0
  ],
  "top_10_solutions": [
    "000000000000101",
    "000000110000101",
    "000000001100101",
    "001100000000101",
    "110000000000101",
    "000011000000101",
    "000000001110101",
    "111000000000101",
    "001110000000101",
    "000011100000101"
  ],
  "top_10_probabilities": [
    0.02177863758940087,
    0.017176691288544963,
    0.013014421385860007,
    0.01266268026732325,
    0.012604056747567123,
    0.011079845233907844,
    0.009760816039395005,
    0.008910775002931175,
    0.008500410364638293,
    0.007767616367686716
  ],
  "top_10_feasible": [
    false,
    true,
    true,
    true,
    true,
    true,
    false,
    false,
    false,
    false
  ],
  "hamming_weight_distribution": {
    "9": 0.10581545315980835,
    "8": 0.15526439207409828,
    "11": 0.02148551999062031,
    "10": 0.05792003751905234,
    "4": 0.1215265564544497,
    "7": 0.18038457028959834,
    "6": 0.15951459725641798,
    "12": 0.004895063899636531,
    "5": 0.13163911361238081,
    "3": 0.037196623285262034,
    "2": 0.023449407902450474,
    "1": 0.00026380583890256773,
    "14": 2.931175987806308e-05,
    "13": 0.0006155469574393248
  }
}