{
  "run_number": 11,
  "scenario": "bull_low_vol",
  "n_assets": 15,
  "budget": 4,
  "approximation_ratio": 1.1120450307218557,
  "best_solution_probability": 8.809020436927414e-05,
  "feasibility_rate": 0.11742424242424243,
  "initial_feasibility_rate": 0.1015625,
  "circuit_depth": 8,
  "convergence_iterations": 47,
  "objective_value": 0.12719583690398328,
  "selected_assets": [
    1,
    1,
    0,
    0,
    1,
    0,
    1,
    0,
    0,
    0,
    0,
    0,
    0,
    0,
    0
  ],
  "top_10_solutions": [
    "000000110000101",
    "110000000000101",
    "110000110000101",
    "000000000000101",
    "010000110000101",
    "001000110000101",
    "111110110000101",
    "110000001000101",
    "000011000000101",
    "001100000000101"
  ],
  "top_10_probabilities": [
    0.022110641296687807,
    0.01720695325346488,
    0.013624618275781066,
    0.012185811604416256,
    0.006283767911674888,
    0.006225041108762039,
    0.006136950904392765,
    0.006019497298567066,
    0.005813953488372093,
    0.005755226685459244
  ],
  "top_10_feasible": [
    true,
    true,
    false,
    false,
    false,
    false,
    false,
    false,
    true,
    true
  ],
  "hamming_weight_distribution": {
    "9": 0.10409325816302702,
    "7": 0.18454897815363194,
    "8": 0.15377613342729876,
    "10": 0.05684754521963877,
    "11": 0.024430350011745348,
    "5": 0.1296687808315726,
    "6": 0.171100540286589,
    "12": 0.006254404510218461,
    "3": 0.03582334977683825,
    "4": 0.11742424242424279,
    "2": 0.01441743011510453,
    "13": 0.0009689922480620153,
    "1": 0.0006459948320413436
  }
}