{
  "run_number": 8,
  "scenario": "neutral_mixed",
  "n_assets": 15,
  "budget": 4,
  "approximation_ratio": 1.0,
  "best_solution_probability": 0.0,
  "feasibility_rate": 0.12931336998479354,
  "initial_feasibility_rate": 0.0908203125,
  "circuit_depth": 8,
  "convergence_iterations": 30,
  "objective_value": 0.08553189111414139,
  "selected_assets": [
    0,
    0,
    0,
    0,
    0,
    1,
    0,
    0,
    1,
    0,
    0,
    0,
    0,
    1,
    1
  ],
  "top_10_solutions": [
    "000000000000101",
    "001100000000101",
    "000000001100101",
    "000011000000101",
    "000000110000101",
    "110000000000101",
    "111000000000101",
    "001110000000101",
    "000000111000101",
    "000000001110101"
  ],
  "top_10_probabilities": [
    0.02456427652357001,
    0.017487425429874838,
    0.013276406597262837,
    0.012574570125160837,
    0.012106679143759505,
    0.011083167621944086,
    0.01076149257223067,
    0.010703006199555503,
    0.00944554918703942,
    0.008772955901275003
  ],
  "top_10_feasible": [
    false,
    true,
    true,
    true,
    true,
    true,
    false,
    false,
    false,
    false
  ],
  "hamming_weight_distribution": {
    "4": 0.12931336998479398,
    "5": 0.14080594221546547,
    "9": 0.09986548134284637,
    "8": 0.15080711194292007,
    "7": 0.1756053339571919,
    "6": 0.15829336764534102,
    "10": 0.053222599134401374,
    "11": 0.01681483214411035,
    "3": 0.04105743361796695,
    "12": 0.004591180255000586,
    "1": 0.0013744297578664171,
    "2": 0.027664054275353827,
    "13": 0.0005263773540765003,
    "14": 5.848637267516669e-05
  }
}