{
  "run_number": 19,
  "scenario": "high_return_high_risk",
  "n_assets": 15,
  "budget": 4,
  "approximation_ratio": 1.080850847574245,
  "best_solution_probability": 0.0,
  "feasibility_rate": 0.1306024659615497,
  "initial_feasibility_rate": 0.08984375,
  "circuit_depth": 8,
  "convergence_iterations": 47,
  "objective_value": 0.22552075886650985,
  "selected_assets": [
    0,
    0,
    1,
    0,
    1,
    0,
    1,
    0,
    0,
    0,
    0,
    0,
    1,
    0,
    0
  ],
  "top_10_solutions": [
    "000000000000101",
    "110000000000101",
    "000000001100101",
    "111000000000101",
    "000000001110101",
    "000000110000101",
    "000011000000101",
    "001100000000101",
    "000011100000101",
    "001110000000101"
  ],
  "top_10_probabilities": [
    0.026675626716531294,
    0.018670016946181266,
    0.01659557061882779,
    0.012826506164903875,
    0.012797288610997487,
    0.0120960673172442,
    0.011862326885993105,
    0.011570151346929234,
    0.009700227896920469,
    0.009086659264886344
  ],
  "top_10_feasible": [
    false,
    true,
    true,
    false,
    false,
    true,
    true,
    true,
    false,
    false
  ],
  "hamming_weight_distribution": {
    "7": 0.16849763337813545,
    "10": 0.05340968854087502,
    "6": 0.15967393209840613,
    "9": 0.09925203061999693,
    "4": 0.13060246596154992,
    "8": 0.15143458189680536,
    "11": 0.020948986150879496,
    "3": 0.0411383159001928,
    "5": 0.14062408695144119,
    "2": 0.029042248582948637,
    "13": 0.0005843510781277391,
    "12": 0.004528720855489977,
    "1": 0.00023374043125109565,
    "14": 2.9217553906386956e-05
  }
}