{
  "test_date": "2025-09-09T12:16:07.083096",
  "configuration": {
    "n_assets": 15,
    "budget": 4,
    "total_runs": 20
  },
  "statistics": {
    "approximation_ratio": {
      "mean": 1.060367632009664,
      "std": 0.058327760830893055,
      "min": 1.0,
      "max": 1.1849635860480796,
      "median": 1.0563932357989807
    },
    "best_solution_probability": {
      "mean": 0.0008065089691062779,
      "std": 0.003435039892782097,
      "min": 0.0,
      "max": 0.015778401122019635,
      "median": 0.0
    },
    "feasibility_rate": {
      "mean": 0.1271074556930843,
      "std": 0.011086899373423355,
      "min": 0.09338625122175162,
      "max": 0.14090578127275374,
      "median": 0.12981563777407046
    },
    "initial_feasibility_rate": {
      "mean": 0.0951171875,
      "std": 0.008241111359693612,
      "min": 0.0810546875,
      "max": 0.109375
    },
    "circuit_depth": {
      "mean": 8.0,
      "std": 0.0,
      "min": 