{
  "timestamp": "2025-09-08T20:44:13.151009",
  "problem": {
    "n_assets": 20,
    "budget": 5,
    "risk_factor": 0.5,
    "asset_names": [
      "TECH1",
      "TECH2",
      "TECH3",
      "TECH4",
      "FIN1",
      "FIN2",
      "FIN3",
      "FIN4",
      "HEALTH1",
      "HEALTH2",
      "HEALTH3",
      "ENERGY1",
      "ENERGY2",
      "ENERGY3",
      "CONS1",
      "CONS2",
      "CONS3",
      "UTIL1",
      "UTIL2",
      "UTIL3"
    ]
  },
  "classical": {
    "best_strategy": "max_diversification",
    "value": 0.14854646103795496,
    "return": 0.16273523243967986,
    "risk": 0.16845635281416305,
    "sharpe": 0.9660379660433787
  },
  "v2_summary": {
    "avg_approx_ratio": 1.0077934549135652,
    "avg_feasibility": 0.1268310546875,
    "avg_iterations": 10.0,
    "avg_time": 16.680643796920776
  },
  "v3_summary": {
    "avg_approx_ratio": 1.007613435474712,
    "avg_feasibility": 0.16552734375,
    "avg_iterations": 10.5,
    "avg_time": 15.23818552494049
  }
}