{
  "execution_info": {
    "timestamp": "2025-09-08T09:25:37.878129",
    "n_assets": 8,
    "asset_names": [
      "AAPL",
      "GOOGL",
      "MSFT",
      "AMZN",
      "JPM",
      "JNJ",
      "XOM",
      "GLD"
    ],
    "budget": 4,
    "risk_factor": 0.5
  },
  "market_data": {
    "expected_returns": [
      0.10618101782710439,
      0.19260714596148742,
      0.15979909127171077,
      0.1397987726295555,
      0.07340279606636549,
      0.0733991780504304,
      0.05871254182522992,
      0.1799264218662403
    ],
    "covariance_matrix": [
      [
        0.07302047099831403,
        0.015004741662319332,
        -0.0021448360087688474,
        -0.008678570613970538,
        0.023884854021906068,
        -0.009674071924710105,
        -0.0006778682504937669,
        -0.005753710850395798
      ],
      [
        0.015004741662319332,
        0.0850390256848322,
        0.012326875264480263,
        0.02053405395742761,
        0.008180313907184244,
        -0.010034468428390099,
        0.014951899769089222,
        0.010506306870459456
      ],
      [
        -0.0021448360087688474,
        0.012326875264480263,
        0.023752018513964704,
        0.006435456393664954,
        0.016442428200673313,
        -0.006779383258755245,
        0.003233482708272032,
        0.007868922958700416
      ],
      [
        -0.008678570613970538,
        0.02053405395742761,
        0.006435456393664954,
        0.11832359598255572,
        0.02361925111255653,
        0.012838980534361015,
        0.016472345736461617,
        0.020840137663639232
      ],
      [
        0.023884854021906068,
        0.008180313907184244,
        0.016442428200673313,
        0.02361925111255653,
        0.10016498845693649,
        0.02081745220837547,
        0.0021366551631479135,
        0.032292782986087835
      ],
      [
        -0.009674071924710105,
        -0.010034468428390099,
        -0.006779383258755245,
        0.012838980534361015,
        0.02081745220837547,
        0.037043862557642214,
        0.02180177733397455,
        -0.0030397199550719588
      ],
      [
        -0.0006778682504937669,
        0.014951899769089222,
        0.003233482708272032,
        0.016472345736461617,
        0.0021366551631479135,
        0.02180177733397455,
        0.03473191078042056,
        -0.0007448461795107326
      ],
      [
        -0.005753710850395798,
        0.010506306870459456,
        0.007868922958700416,
        0.020840137663639232,
        0.032292782986087835,
        -0.0030397199550719588,
        -0.0007448461795107326,
        0.03484975916058916
      ]
    ],
    "correlation_matrix": [
      [
        1.0,
        0.1904132079246369,
        -0.05150169418630234,
        -0.09336631247858962,
        0.27928158703282957,
        -0.18600681864801932,
        -0.01346042088870053,
        -0.11405801979135294
      ],
      [
        0.1904132079246369,
        1.0,
        0.27427965970584656,
        0.2047056742624409,
        0.08863451219378476,
        -0.17878336243042853,
        0.2751204675298434,
        0.19299277607106288
      ],
      [
        -0.05150169418630234,
        0.27427965970584656,
        1.0,
        0.1213929346158398,
        0.33709919846896463,
        -0.22855029854153902,
        0.11257862574345978,
        0.2735049187936092
      ],
      [
        -0.09336631247858962,
        0.2047056742624409,
        0.1213929346158398,
        1.0,
        0.21695640248056575,
        0.19392630755862317,
        0.2569540284217253,
        0.32453759460939907
      ],
      [
        0.27928158703282957,
        0.08863451219378476,
        0.33709919846896463,
        0.21695640248056575,
        1.0,
        0.3417523200585655,
        0.036225311245427994,
        0.5465722908545313
      ],
      [
        -0.18600681864801932,
        -0.17878336243042853,
        -0.22855029854153902,
        0.19392630755862317,
        0.3417523200585655,
        1.0,
        0.6078122228762233,
        -0.08460101078616017
      ],
      [
        -0.01346042088870053,
        0.2751204675298434,
        0.11257862574345978,
        0.2569540284217253,
        0.036225311245427994,
        0.6078122228762233,
        1.0,
        -0.02140929496077748
      ],
      [
        -0.11405801979135294,
        0.19299277607106288,
        0.2735049187936092,
        0.32453759460939907,
        0.5465722908545313,
        -0.08460101078616017,
        -0.02140929496077748,
        1.0
      ]
    ]
  },
  "optimization_results": {
    "qaoa": {
      "allocation": [
        0.0,
        1.0,
        1.0,
        1.0,
        0.0,
        0.0,
        0.0,
        1.0
      ],
      "selected_assets": [
        "AMZN",
        "GOOGL",
        "GLD",
        "MSFT"
      ],
      "return": 0.672131431728994,
      "risk": 0.6472927510475347,
      "sharpe_ratio": 1.0383731791237614,
      "approximation_ratio": 0.95,
      "optimization_time": 2.5,
      "circuit_depth": 3,
      "optimizer": "COBYLA"
    },
    "benchmarks": {
      "equal_weight": {
        "allocation": [
          0.0,
          1.0,
          1.0,
          0.0,
          0.0,
          0.0,
          1.0,
          1.0
        ],
        "selected_assets": [
          "GOOGL",
          "MSFT",
          "XOM",
          "GLD"
        ],
        "return": 0.5910452009246684,
        "risk": 0.5240782354980866,
        "sharpe_ratio": 1.1277804741556114
      },
      "min_variance": {
        "allocation": [
          0.0,
          0.0,
          1.0,
          0.0,
          0.0,
          1.0,
          1.0,
          1.0
        ],
        "selected_assets": [
          "MSFT",
          "JNJ",
          "XOM",
          "GLD"
        ],
        "return": 0.47183723301361136,
        "risk": 0.41839935256622324,
        "sharpe_ratio": 1.1277197971737543
      },
      "risk_parity": {
        "allocation": [
          0.0,
          0.0,
          1.0,
          0.0,
          0.0,
          1.0,
          1.0,
          1.0
        ],
        "selected_assets": [
          "MSFT",
          "JNJ",
          "XOM",
          "GLD"
        ],
        "return": 0.47183723301361136,
        "risk": 0.41839935256622324,
        "sharpe_ratio": 1.1277197971737543
      }
    }
  },
  "risk_metrics": {
    "QAOA": {
      "VaR_95": -0.39542747612336365,
      "CVaR_95": -0.6609084479746511,
      "Sortino_Ratio": 1.5304257528349823
    },
    "Min_Variance": {
      "VaR_95": -0.20925804475259113,
      "CVaR_95": -0.3766151374297124,
      "Sortino_Ratio": 1.7660656406551882
    },
    "Equal_Weight": {
      "VaR_95": -0.2617741472984142,
      "CVaR_95": -0.49205687903150924,
      "Sortino_Ratio": 1.6582580286020112
    }
  },
  "performance_comparison": {
    "best_sharpe": 1.1277804741556114,
    "best_return": 0.672131431728994,
    "lowest_risk": 0.41839935256622324,
    "qaoa_vs_classical": {
      "sharpe_improvement": -7.922767541539109,
      "return_improvement": 42.449850224008216,
      "risk_change": 54.706919854777446
    }
  }
}