{
  "execution_info": {
    "timestamp": "2025-09-08T09:30:51.896773",
    "n_assets": 20,
    "asset_names": [
      "AAPL",
      "MSFT",
      "GOOGL",
      "AMZN",
      "NVDA",
      "JPM",
      "BAC",
      "GS",
      "JNJ",
      "PFE",
      "UNH",
      "WMT",
      "DIS",
      "NKE",
      "XOM",
      "CVX",
      "BA",
      "CAT",
      "GLD",
      "SPY"
    ],
    "budget": 5,
    "search_space": 15504,
    "risk_factor": 0.5,
    "optimal_circuit_depth": 4
  },
  "market_data": {
    "expected_returns": [
      0.149963209507789,
      0.19605714451279332,
      0.1785595153449124,
      0.16789267873576294,
      0.13248149123539493,
      0.0862397808134481,
      0.08232334448672798,
      0.11464704583099741,
      0.11404460046972835,
      0.11832290311184182,
      0.0908233797718321,
      0.10879639408647977,
      0.10329770563201687,
      0.07849356442713105,
      0.06727299868828403,
      0.06733618039413736,
      0.08912726728878613,
      0.09574269294896713,
      0.07295835055926347,
      0.06873687420594125
    ],
    "volatilities": [
      0.28653558269395385,
      0.2738776540728296,
      0.22928644816970667,
      0.3083678172892258,
      0.24211585436612837,
      0.15243159664314537,
      0.21454722959071676,
      0.1677110679407049,
      0.19523668674823313,
      0.19631428616020702,
      0.19318915121763588,
      0.1759111090178811,
      0.15108196315702072,
      0.21498229938114077,
      0.29281841483173143,
      0.34666548190436697,
      0.2474533983962477,
      0.2397106618827152,
      0.11472244460347929,
      0.11925488643009627
    ],
    "sharpe_ratios": [
      0.5233667947898931,
      0.7158566666437772,
      0.7787617487656808,
      0.5444559040293503,
      0.5471822222556975,
      0.5657605293956368,
      0.38370732935481366,
      0.6835985676957913,
      0.5841350945316656,
      0.6027218162578426,
      0.47012670845846644,
      0.618473697846,
      0.6837196411371669,
      0.36511640564403075,
      0.2297430601382859,
      0.1942396457363848,
      0.36017798852803157,
      0.3994094054765565,
      0.635955333861939,
      0.5763862283851388
    ],
    "correlation_matrix_summary": {
      "min": -0.09797536646151253,
      "max": 0.6908753883293675,
      "mean": 0.14744601516078598
    }
  },
  "optimization_results": {
    "qaoa": {
      "allocation": [
        1.0,
        1.0,
        1.0,
        1.0,
        0.0,
        0.0,
        0.0,
        0.0,
        0.0,
        1.0,
        0.0,
        0.0,
        0.0,
        0.0,
        0.0,
        0.0,
        0.0,
        0.0,
        0.0,
        0.0
      ],
      "selected_assets": [
        "GOOGL",
        "AMZN",
        "PFE",
        "MSFT",
        "AAPL"
      ],
      "return": 0.8107954512130995,
      "risk": 0.9131840625349522,
      "sharpe_ratio": 0.8878773562499249,
      "approximation_ratio": 0.7706658662928101,
      "circuit_depth": 4,
      "estimated_gates": 320
    },
    "benchmarks": {
      "top_sharpe": {
        "allocation": [
          0.0,
          1.0,
          1.0,
          0.0,
          0.0,
          0.0,
          0.0,
          1.0,
          0.0,
          0.0,
          0.0,
          0.0,
          1.0,
          0.0,
          0.0,
          0.0,
          0.0,
          0.0,
          1.0,
          0.0
        ],
        "selected_assets": [
          "GLD",
          "GS",
          "DIS",
          "MSFT",
          "GOOGL"
        ],
        "return": 0.6655197618799835,
        "risk": 0.577662399219752,
        "sharpe_ratio": 1.1520911916352878
      },
      "min_variance": {
        "allocation": [
          0.0,
          0.0,
          0.0,
          0.0,
          0.0,
          1.0,
          0.0,
          1.0,
          0.0,
          0.0,
          0.0,
          0.0,
          1.0,
          0.0,
          0.0,
          0.0,
          0.0,
          0.0,
          1.0,
          1.0
        ],
        "selected_assets": [
          "JPM",
          "GS",
          "DIS",
          "GLD",
          "SPY"
        ],
        "return": 0.44587975704166716,
        "risk": 0.40546728461642967,
        "sharpe_ratio": 1.0996688856499668
      },
      "diversified": {
        "allocation": [
          0.0,
          0.0,
          1.0,
          0.0,
          0.0,
          0.0,
          0.0,
          1.0,
          0.0,
          1.0,
          0.0,
          0.0,
          1.0,
          0.0,
          1.0,
          0.0,
          0.0,
          0.0,
          0.0,
          0.0
        ],
        "selected_assets": [
          "GOOGL",
          "GS",
          "PFE",
          "DIS",
          "XOM"
        ],
        "return": 0.5821001686080525,
        "risk": 0.5250719529142135,
        "sharpe_ratio": 1.1086102873659989
      }
    }
  },
  "risk_metrics": {
    "QAOA": {
      "VaR_95": -0.6908940233841734,
      "VaR_99": -1.245240989195118,
      "CVaR_95": -1.0475984427905645,
      "CVaR_99": -1.5847439762282896,
      "Sortino_Ratio": 1.2881296094098402,
      "Max_Drawdown": -0.005416764557189304
    },
    "Top_Sharpe": {
      "VaR_95": -0.33528386946228145,
      "VaR_99": -0.7417434371497713,
      "CVaR_95": -0.5823965599028205,
      "CVaR_99": -0.9779416344455042,
      "Sortino_Ratio": 1.6384839233836133,
      "Max_Drawdown": -0.0033810524355557324
    },
    "Min_Variance": {
      "VaR_95": -0.25988662165953735,
      "VaR_99": -0.5361266915949253,
      "CVaR_95": -0.43944326609425793,
      "CVaR_99": -0.688275501102906,
      "Sortino_Ratio": 1.485955900584391,
      "Max_Drawdown": -0.003099528551507574
    },
    "Diversified": {
      "VaR_95": -0.3146336752925714,
      "VaR_99": -0.7063849276870101,
      "CVaR_95": -0.5521652490475542,
      "CVaR_99": -0.9436599432843196,
      "Sortino_Ratio": 1.535046224979361,
      "Max_Drawdown": -0.0044465331342496426
    }
  },
  "performance_analysis": {
    "best_sharpe": 1.1520911916352878,
    "best_return": 0.8107954512130995,
    "lowest_risk": 0.40546728461642967,
    "qaoa_rank": {
      "sharpe": 4,
      "return": 1,
      "risk": 4
    }
  }
}