{
  "metadata": {
    "timestamp": "2025-09-08T18:25:04.664860",
    "test_type": "Ultra-Optimized vs Standard QAOA Comparison",
    "total_tests": 5
  },
  "results": [
    {
      "config": {
        "n_assets": 6,
        "budget": 3,
        "risk_factor": 0.5,
        "seed": 42
      },
      "standard": {
        "objective_value": 0.19286572056227214,
        "approximation_ratio": 1.0,
        "circuit_depth": 8,
        "gate_count": 24,
        "execution_time": 0.41790199279785156,
        "constraint_satisfied": true,
        "feasibility_rate": 0.483642578125,
        "sharpe_ratio": 1.4877835062078137,
        "expected_return": 0.2020911154945572,
        "risk": 0.13583368457260547
      },
      "ultra": {
        "objective_value": 0.19286572056227214,
        "approximation_ratio": 1.0,
        "circuit_depth": 6,
        "gate_count": 28,
        "execution_time": 0.33115410804748535,
        "constraint_satisfied": true,
        "feasibility_rate": 0.086181640625,
        "sharpe_ratio": 1.4877835062078137,
        "expected_return": 0.2020911154945572,
        "risk": 0.13583368457260547,
        "repaired_solutions": 26,
        "converged": true,
        "iterations_to_convergence": 10
      },
      "improvements": {
        "depth_reduction_pct": 25.0,
        "gate_reduction_pct": -16.666666666666675,
        "speedup_factor": 1.2619562392320591,
        "approx_ratio_diff": 0.0
      }
    },
    {
      "config": {
        "n_assets": 8,
        "budget": 4,
        "risk_factor": 0.5,
        "seed": 43
      },
      "standard": {
        "objective_value": 0.17281243127199722,
        "approximation_ratio": 1.0,
        "circuit_depth": 10,
        "gate_count": 32,
        "execution_time": 0.4956817626953125,
        "constraint_satisfied": true,
        "feasibility_rate": 0.44287109375,
        "sharpe_ratio": 1.2412328319066828,
        "expected_return": 0.18377282278047544,
        "risk": 0.14805668852489046
      },
      "ultra": {
        "objective_value": 0.17281243127199722,
        "approximation_ratio": 1.0,
        "circuit_depth": 6,
        "gate_count": 37,
        "execution_time": 0.5885603427886963,
        "constraint_satisfied": true,
        "feasibility_rate": 0.006103515625,
        "sharpe_ratio": 1.2412328319066828,
        "expected_return": 0.18377282278047544,
        "risk": 0.14805668852489046,
        "repaired_solutions": 57,
        "converged": true,
        "iterations_to_convergence": 10
      },
      "improvements": {
        "depth_reduction_pct": 40.0,
        "gate_reduction_pct": -15.625,
        "speedup_factor": 0.8421936149260248,
        "approx_ratio_diff": 0.0
      }
    },
    {
      "config": {
        "n_assets": 10,
        "budget": 5,
        "risk_factor": 0.5,
        "seed": 44
      },
      "standard": {
        "objective_value": 0.17622860199197787,
        "approximation_ratio": 0.9817198589379258,
        "circuit_depth": 12,
        "gate_count": 40,
        "execution_time": 1.1259653568267822,
        "constraint_satisfied": true,
        "feasibility_rate": 0.265869140625,
        "sharpe_ratio": 1.9917228167122565,
        "expected_return": 0.1803271936839386,
        "risk": 0.09053829788504672
      },
      "ultra": {
        "objective_value": 0.17951007141959102,
        "approximation_ratio": 1.0,
        "circuit_depth": 6,
        "gate_count": 46,
        "execution_time": 0.5712018013000488,
        "constraint_satisfied": true,
        "feasibility_rate": 0.000244140625,
        "sharpe_ratio": 1.5931747716022695,
        "expected_return": 0.18635085655519998,
        "risk": 0.1169682447129045,
        "repaired_solutions": 44,
        "converged": true,
        "iterations_to_convergence": 10
      },
      "improvements": {
        "depth_reduction_pct": 50.0,
        "gate_reduction_pct": -14.999999999999991,
        "speedup_factor": 1.9712216492736854,
        "approx_ratio_diff": 0.018280141062074207
      }
    },
    {
      "config": {
        "n_assets": 12,
        "budget": 6,
        "risk_factor": 0.5,
        "seed": 45
      },
      "standard": {
        "objective_value": 0.16615280306592212,
        "approximation_ratio": 0.9241075228533558,
        "circuit_depth": 14,
        "gate_count": 48,
        "execution_time": 1.313143253326416,
        "constraint_satisfied": true,
        "feasibility_rate": 0.2578125,
        "sharpe_ratio": 1.5979199834329676,
        "expected_return": 0.17194207965280428,
        "risk": 0.10760368568856891
      },
      "ultra": {
        "objective_value": 0.17979812841788592,
        "approximation_ratio": 1.0,
        "circuit_depth": 6,
        "gate_count": 55,
        "execution_time": 1.2520496845245361,
        "constraint_satisfied": true,
        "feasibility_rate": 0.009033203125,
        "sharpe_ratio": 1.4543572095288653,
        "expected_return": 0.1881680120821138,
        "risk": 0.1293822527569209,
        "repaired_solutions": 200,
        "converged": true,
        "iterations_to_convergence": 10
      },
      "improvements": {
        "depth_reduction_pct": 57.14285714285714,
        "gate_reduction_pct": -14.583333333333325,
        "speedup_factor": 1.048794843812512,
        "approx_ratio_diff": 0.07589247714664416
      }
    },
    {
      "config": {
        "n_assets": 15,
        "budget": 7,
        "risk_factor": 0.5,
        "seed": 46
      },
      "standard": {
        "objective_value": 0.1931134979777015,
        "approximation_ratio": 0.9619134299091728,
        "circuit_depth": 17,
        "gate_count": 60,
        "execution_time": 2.181899070739746,
        "constraint_satisfied": true,
        "feasibility_rate": 0.01513671875,
        "sharpe_ratio": 1.7843085451593992,
        "expected_return": 0.19935492707292984,
        "risk": 0.11172671207216614
      },
      "ultra": {
        "objective_value": 0.2037526094250148,
        "approximation_ratio": 0.9899028361510399,
        "circuit_depth": 6,
        "gate_count": 67,
        "execution_time": 2.5370185375213623,
        "constraint_satisfied": true,
        "feasibility_rate": 0.00830078125,
        "sharpe_ratio": 2.3959525572081253,
        "expected_return": 0.2075028731110748,
        "risk": 0.08660558510927559,
        "repaired_solutions": 393,
        "converged": true,
        "iterations_to_convergence": 10
      },
      "improvements": {
        "depth_reduction_pct": 64.70588235294117,
        "gate_reduction_pct": -11.66666666666667,
        "speedup_factor": 0.8600248829365812,
        "approx_ratio_diff": 0.027989406241867076
      }
    }
  ],
  "summary": {
    "circuit_depth": {
      "standard_mean": 12.2,
      "ultra_mean": 6.0,
      "reduction_mean": 47.36974789915966
    },
    "approximation_ratio": {
      "standard_mean": 0.973548162340091,
      "ultra_mean": 0.997980567230208,
      "difference": 0.024432404890117
    },
    "execution_time": {
      "standard_mean": 1.1069182872772216,
      "ultra_mean": 1.0559968948364258,
      "speedup_mean": 1.1968382460361726
    },
    "solution_repair": {
      "total_repairs": 720,
      "avg_repairs_per_test": 144.0
    },
    "convergence": {
      "avg_iterations": 10.0,
      "all_converged": true
    }
  }
}