{
  "timestamp": "2025-09-08T21:26:57.925918",
  "total_runs": 20,
  "problem_size": {
    "n_assets": 20,
    "budget": 5
  },
  "approximation_ratio": {
    "mean": 0.6371091462195456,
    "std": 0.5700218381537381,
    "min": -1.0650128737017563,
    "max": 1.0206203456811167,
    "median": 0.9603626323903506
  },
  "best_solution_probability": {
    "mean": 4.2724609375e-05,
    "std": 9.669787303317176e-05,
    "min": 0.0,
    "max": 0.0003662109375,
    "median": 0.0
  },
  "feasibility_rate": {
    "mean": 0.165484619140625,
    "std": 0.011082362589893185,
    "min": 0.1348876953125,
    "max": 0.179931640625,
    "median": 0.16717529296875
  },
  "circuit_depth": {
    "value": 7,
    "all_same": true
  },
  "convergence": {
    "mean_iterations": 26.85,
    "std_iterations": 8.290205063808735,
    "min_iterations": 10,
    "max_iterations": 47
  },
  "scenario_performance": {
    "bear_high": {
      "mean_ar": 0.4239601456787927,
      "count": 4
    },
    "neutral_medium": {
      "mean_ar": 0.943155263133849,
      "count": 4
    },
    "bull_high": {
      "mean_ar": 0.9871682310263805,
      "count": 4
    },
    "bear_low": {
      "mean_ar": -0.1244088303447162,
      "count": 4
    },
    "bull_low": {
      "mean_ar": 0.9556709216034219,
      "count": 4
    }
  }
}