{
  "run_number": 15,
  "scenario": {
    "trend": "bull",
    "volatility": "low",
    "correlation": "positive"
  },
  "approximation_ratio": 0.9301228521688967,
  "best_solution_probability": 0.0,
  "feasibility_rate": 0.172607421875,
  "circuit_depth": 7,
  "convergence_iterations": 30,
  "objective_value": 0.18669129985779065,
  "selected_assets": [
    "TECH4",
    "FIN3",
    "HEALTH4",
    "ENERGY2",
    "ENERGY3"
  ],
  "top_5_solutions": [
    "00000000000000000000",
    "00000000000000011000",
    "00000000000000010000",
    "00000001100000000000",
    "00000000000000001100"
  ],
  "top_5_probabilities": [
    0.013671875,
    0.0059814453125,
    0.004638671875,
    0.00439453125,
    0.00439453125
  ]
}