{
  "run_number": 20,
  "scenario": {
    "trend": "bull",
    "volatility": "low",
    "correlation": "positive"
  },
  "approximation_ratio": 0.9403702362389902,
  "best_solution_probability": 0.0,
  "feasibility_rate": 0.161376953125,
  "circuit_depth": 7,
  "convergence_iterations": 31,
  "objective_value": 0.22962748719662465,
  "selected_assets": [
    "FIN3",
    "HEALTH3",
    "CONS1",
    "CONS2",
    "CONS3"
  ],
  "top_5_solutions": [
    "00000000000000000000",
    "01100000000000000000",
    "00000000000001110000",
    "00000000000000010000",
    "00000000000000000100"
  ],
  "top_5_probabilities": [
    0.0264892578125,
    0.012451171875,
    0.0072021484375,
    0.0072021484375,
    0.0057373046875
  ]
}