{
  "run_number": 4,
  "scenario": {
    "trend": "bear",
    "volatility": "low",
    "correlation": "uncorrelated"
  },
  "approximation_ratio": -1.0650128737017563,
  "best_solution_probability": 0.000244140625,
  "feasibility_rate": 0.1348876953125,
  "circuit_depth": 7,
  "convergence_iterations": 30,
  "objective_value": -0.00924860125551431,
  "selected_assets": [
    "TECH4",
    "FIN1",
    "FIN3",
    "HEALTH2",
    "HEALTH3"
  ],
  "top_5_solutions": [
    "00000000000000000010",
    "00000000000100000000",
    "11000000000000000000",
    "00000000000000000100",
    "00000000011000000100"
  ],
  "top_5_probabilities": [
    0.001220703125,
    0.0010986328125,
    0.0010986328125,
    0.0008544921875,
    0.000732421875
  ]
}