{
  "run_number": 12,
  "scenario": {
    "trend": "neutral",
    "volatility": "medium",
    "correlation": "mixed"
  },
  "approximation_ratio": 0.8319116190476166,
  "best_solution_probability": 0.0,
  "feasibility_rate": 0.151123046875,
  "circuit_depth": 7,
  "convergence_iterations": 15,
  "objective_value": 0.085222361799329,
  "selected_assets": [
    "FIN3",
    "FIN4",
    "CONS1",
    "CONS2",
    "CONS3"
  ],
  "top_5_solutions": [
    "00000000000000000000",
    "00000000000110000000",
    "00000000000000001000",
    "00000000010000000000",
    "00000001000000000000"
  ],
  "top_5_probabilities": [
    0.028076171875,
    0.01318359375,
    0.00732421875,
    0.0067138671875,
    0.006591796875
  ]
}