{
  "run_number": 11,
  "scenario": {
    "trend": "bear",
    "volatility": "high",
    "correlation": "negative"
  },
  "approximation_ratio": -0.30415941728482926,
  "best_solution_probability": 0.0,
  "feasibility_rate": 0.17431640625,
  "circuit_depth": 7,
  "convergence_iterations": 30,
  "objective_value": -0.002375675692146712,
  "selected_assets": [
    "TECH1",
    "TECH3",
    "TECH4",
    "FIN1",
    "FIN4"
  ],
  "top_5_solutions": [
    "00000000000000000000",
    "00000000001000000000",
    "00000000000000000010",
    "00000000000001100000",
    "00000010000000000000"
  ],
  "top_5_probabilities": [
    0.00439453125,
    0.0028076171875,
    0.0020751953125,
    0.0020751953125,
    0.001953125
  ]
}