{
  "run_number": 13,
  "scenario": {
    "trend": "bull",
    "volatility": "high",
    "correlation": "clustered"
  },
  "approximation_ratio": 1.0206203456811167,
  "best_solution_probability": 0.0,
  "feasibility_rate": 0.1455078125,
  "circuit_depth": 7,
  "convergence_iterations": 10,
  "objective_value": 0.18541517835925522,
  "selected_assets": [
    "TECH1",
    "HEALTH1",
    "HEALTH2",
    "HEALTH3",
    "HEALTH4"
  ],
  "top_5_solutions": [
    "00000000000000000000",
    "00010000000000000000",
    "00011000000000000000",
    "00000000000001000000",
    "00001000000000000000"
  ],
  "top_5_probabilities": [
    0.0252685546875,
    0.008544921875,
    0.0079345703125,
    0.0074462890625,
    0.0067138671875
  ]
}