{
  "run_number": 10,
  "scenario": {
    "trend": "bull",
    "volatility": "low",
    "correlation": "positive"
  },
  "approximation_ratio": 0.990144398996032,
  "best_solution_probability": 0.0003662109375,
  "feasibility_rate": 0.1693115234375,
  "circuit_depth": 7,
  "convergence_iterations": 19,
  "objective_value": 0.2017350396278945,
  "selected_assets": [
    "HEALTH2",
    "HEALTH3",
    "ENERGY4",
    "CONS3",
    "CONS4"
  ],
  "top_5_solutions": [
    "00000000000000000000",
    "00000000000000000011",
    "00000000011000000000",
    "00000001110000000000",
    "00000000000000000001"
  ],
  "top_5_probabilities": [
    0.0167236328125,
    0.009765625,
    0.0069580078125,
    0.0047607421875,
    0.0042724609375
  ]
}