{
  "run_number": 9,
  "scenario": {
    "trend": "bear",
    "volatility": "low",
    "correlation": "uncorrelated"
  },
  "approximation_ratio": -0.0177242227421798,
  "best_solution_probability": 0.0,
  "feasibility_rate": 0.1651611328125,
  "circuit_depth": 7,
  "convergence_iterations": 30,
  "objective_value": -0.00036583277689281784,
  "selected_assets": [
    "TECH1",
    "TECH2",
    "TECH4",
    "ENERGY2",
    "CONS2"
  ],
  "top_5_solutions": [
    "00000000000000000000",
    "00000000000000010000",
    "00000001000000001000",
    "00000000000000100000",
    "00000000000100000000"
  ],
  "top_5_probabilities": [
    0.0035400390625,
    0.0018310546875,
    0.001708984375,
    0.00146484375,
    0.0013427734375
  ]
}