{
  "run_number": 5,
  "scenario": {
    "trend": "bull",
    "volatility": "low",
    "correlation": "positive"
  },
  "approximation_ratio": 0.9620461990097687,
  "best_solution_probability": 0.0,
  "feasibility_rate": 0.164306640625,
  "circuit_depth": 7,
  "convergence_iterations": 30,
  "objective_value": 0.22210886841690278,
  "selected_assets": [
    "TECH3",
    "TECH4",
    "FIN3",
    "FIN4",
    "ENERGY2"
  ],
  "top_5_solutions": [
    "00000000000000000000",
    "00000000000000011000",
    "00000110000000000000",
    "00000000000000010000",
    "00000000000000001000"
  ],
  "top_5_probabilities": [
    0.022705078125,
    0.01513671875,
    0.009521484375,
    0.009033203125,
    0.0069580078125
  ]
}