{
  "run_number": 2,
  "scenario": {
    "trend": "neutral",
    "volatility": "medium",
    "correlation": "mixed"
  },
  "approximation_ratio": 0.9620397156275526,
  "best_solution_probability": 0.0,
  "feasibility_rate": 0.179931640625,
  "circuit_depth": 7,
  "convergence_iterations": 30,
  "objective_value": 0.09803602946404374,
  "selected_assets": [
    "TECH3",
    "TECH4",
    "FIN4",
    "HEALTH4",
    "CONS4"
  ],
  "top_5_solutions": [
    "00000000000000000000",
    "00000000000000010000",
    "00000000000000001000",
    "00000000000000000010",
    "00000000000000001100"
  ],
  "top_5_probabilities": [
    0.011474609375,
    0.0067138671875,
    0.006591796875,
    0.0050048828125,
    0.00439453125
  ]
}