{
  "experiment_id": 13,
  "timestamp": "2025-09-09T14:22:40.638714",
  "scenario": "bull",
  "risk_factor": 0.5,
  "n_assets": 15,
  "budget": 4,
  "feasibility_rate": 0.125579833984375,
  "approximation_ratio": 1.0,
  "best_solution_probability": 0.000152587890625,
  "best_objective": 0.21983309849720017,
  "total_feasible_probability_top1000": 0,
  "n_feasible_in_top1000": 0,
  "best_feasible_probability": 0.0,
  "best_feasible_objective": 0.0,
  "top_1000_solutions": [],
  "n_unique_states": 11502,
  "n_feasible_states": 1295,
  "circuit_depth": 101,
  "circuit_executions": 51,
  "total_shots": 237568,
  "computation_time": 11.328813552856445,
  "classical_best": 0.21983309849720017
}