{
  "tickers": [
    "ABT",
    "ZTS",
    "MDLZ",
    "DIS",
    "DHR",
    "CSCO",
    "UPS",
    "SYK",
    "WMT",
    "ISRG",
    "UNH",
    "CL",
    "PXD",
    "KMB",
    "VRTX",
    "CB",
    "MSFT",
    "NVDA",
    "ICE",
    "PFE"
  ],
  "risk_factor": 0.3,
  "classical_exact": {
    "solution": [
      0.0,
      0.0,
      1.0,
      0.0,
      0.0,
      0.0,
      1.0,
      0.0,
      0.0,
      1.0,
      0.0,
      0.0,
      0.0,
      0.0,
      0.0,
      1.0,
      1.0,
      0.0,
      0.0,
      0.0
    ],
    "value": 0.22057159679476335,
    "time": 0.1096336841583252,
    "metrics": {
      "return": 0.22782018316573835,
      "risk": 0.15544116111865827,
      "sharpe": 1.3369700899692571,
      "sortino": 1.3369700899692571,
      "variance": 0.024161954569916683
    },
    "selected_assets": [
      "MDLZ",
      "UPS",
      "ISRG",
      "CB",
      "MSFT"
    ]
  },
  "classical_greedy": {
    "solution": [
      0.0,
      0.0,
      0.0,
      0.0,
      1.0,
      0.0,
      1.0,
      0.0,
      0.0,
      1.0,
      0.0,
      0.0,
      0.0,
      0.0,
      0.0,
      1.0,
      1.0,
      0.0,
      0.0,
      0.0
    ],
    "value": 0.2199485090664932,
    "time": 0.0,
    "metrics": {
      "return": 0.22597887488049534,
      "risk": 0.14177876914406895,
      "sharpe": 1.452818896115463,
      "sortino": 1.452818896115463,
      "variance": 0.0201012193800072
    },
    "selected_assets": [
      "DHR",
      "UPS",
      "ISRG",
      "CB",
      "MSFT"
    ]
  },
  "warmstart_qaoa": {
    "solution": [
      0.0,
      0.0,
      1.0,
      0.0,
      0.0,
      0.0,
      1.0,
      0.0,
      0.0,
      1.0,
      0.0,
      0.0,
      0.0,
      0.0,
      0.0,
      1.0,
      1.0,
      0.0,
      0.0,
      0.0
    ],
    "value": 0.22057159679476335,
    "time": 11.14784195249647,
    "probability": 0.17375558099198213,
    "metrics": {
      "return": 0.22782018316573835,
      "risk": 0.15544116111865827,
      "sharpe": 1.3369700899692571,
      "sortino": 1.3369700899692571,
      "variance": 0.024161954569916683
    },
    "selected_assets": [
      "MDLZ",
      "UPS",
      "ISRG",
      "CB",
      "MSFT"
    ]
  },
  "comparison": {
    "warmstart_approximation_ratio": 1.0,
    "warmstart_vs_classical_time": 101.6826355702646,
    "value_gap": 0.0,
    "classical_method_used": "exact_enumeration"
  }
}