{
  "tickers": [
    "PEP",
    "LRCX",
    "NVDA",
    "XOM",
    "BA",
    "AXP",
    "FIS",
    "SBUX",
    "MS",
    "AAPL",
    "SLB",
    "CME",
    "OXY",
    "ICE",
    "BLK",
    "DIS",
    "CAT",
    "TMO",
    "PNC",
    "MSFT"
  ],
  "risk_factor": 0.3,
  "classical_exact": {
    "solution": [
      0.0,
      0.0,
      0.0,
      0.0,
      0.0,
      1.0,
      1.0,
      0.0,
      1.0,
      0.0,
      0.0,
      1.0,
      0.0,
      0.0,
      0.0,
      0.0,
      0.0,
      0.0,
      1.0,
      0.0
    ],
    "value": 0.23505506642134139,
    "time": 0.4518609046936035,
    "metrics": {
      "return": 0.23793452911402857,
      "risk": 0.09797044950200032,
      "sharpe": 2.2244924895397045,
      "sortino": 2.2244924895397045,
      "variance": 0.009598208975623995
    },
    "selected_assets": [
      "AXP",
      "FIS",
      "MS",
      "CME",
      "PNC"
    ]
  },
  "classical_greedy": {
    "solution": [
      1.0,
      0.0,
      0.0,
      0.0,
      0.0,
      1.0,
      1.0,
      0.0,
      0.0,
      0.0,
      0.0,
      1.0,
      0.0,
      0.0,
      0.0,
      0.0,
      0.0,
      0.0,
      1.0,
      0.0
    ],
    "value": 0.23347334934692993,
    "time": 0.001001119613647461,
    "metrics": {
      "return": 0.23568826075909888,
      "risk": 0.08592460672335474,
      "sharpe": 2.510203642287649,
      "sortino": 2.510203642287649,
      "variance": 0.007383038040563178
    },
    "selected_assets": [
      "PEP",
      "AXP",
      "FIS",
      "CME",
      "PNC"
    ]
  },
  "warmstart_qaoa": {
    "solution": [
      0.0,
      1.0,
      0.0,
      0.0,
      0.0,
      1.0,
      0.0,
      0.0,
      1.0,
      0.0,
      0.0,
      1.0,
      0.0,
      0.0,
      0.0,
      0.0,
      0.0,
      0.0,
      1.0,
      0.0
    ],
    "value": 0.23314324825074947,
    "time": 13.386590179857702,
    "probability": 0.24816311285317788,
    "metrics": {
      "return": 0.23639646935290354,
      "risk": 0.10413486611367745,
      "sharpe": 2.078040501023713,
      "sortino": 2.078040501023713,
      "variance": 0.010844070340513528
    },
    "selected_assets": [
      "LRCX",
      "AXP",
      "MS",
      "CME",
      "PNC"
    ]
  },
  "comparison": {
    "warmstart_approximation_ratio": 0.9918665094111823,
    "warmstart_vs_classical_time": 29.625466688548418,
    "value_gap": 0.0019118181705919113,
    "classical_method_used": "exact_enumeration"
  }
}