{
  "tickers": [
    "GE",
    "JNJ",
    "AVGO",
    "AMZN",
    "CME",
    "LRCX",
    "TMO",
    "CRM",
    "TGT",
    "MDT",
    "CAT",
    "NKE",
    "META",
    "REGN",
    "BMY",
    "MSCI",
    "C",
    "HON",
    "ADI",
    "PNC"
  ],
  "risk_factor": 0.3,
  "classical_exact": {
    "solution": [
      0.0,
      1.0,
      0.0,
      0.0,
      0.0,
      0.0,
      0.0,
      0.0,
      1.0,
      0.0,
      0.0,
      0.0,
      0.0,
      0.0,
      0.0,
      1.0,
      1.0,
      1.0,
      0.0,
      0.0
    ],
    "value": 0.22078936733632157,
    "time": 0.09488129615783691,
    "metrics": {
      "return": 0.22558532180139124,
      "risk": 0.1264377905673996,
      "sharpe": 1.6259800244753633,
      "sortino": 1.6259800244753633,
      "variance": 0.0159865148835656
    },
    "selected_assets": [
      "JNJ",
      "TGT",
      "MSCI",
      "C",
      "HON"
    ]
  },
  "classical_greedy": {
    "solution": [
      0.0,
      1.0,
      0.0,
      0.0,
      0.0,
      0.0,
      0.0,
      0.0,
      1.0,
      0.0,
      0.0,
      0.0,
      0.0,
      0.0,
      0.0,
      1.0,
      1.0,
      1.0,
      0.0,
      0.0
    ],
    "value": 0.22078936733632157,
    "time": 0.0,
    "metrics": {
      "return": 0.22558532180139124,
      "risk": 0.1264377905673996,
      "sharpe": 1.6259800244753633,
      "sortino": 1.6259800244753633,
      "variance": 0.0159865148835656
    },
    "selected_assets": [
      "JNJ",
      "TGT",
      "MSCI",
      "C",
      "HON"
    ]
  },
  "warmstart_qaoa": {
    "solution": [
      0.0,
      0.0,
      0.0,
      0.0,
      0.0,
      0.0,
      0.0,
      0.0,
      0.0,
      0.0,
      0.0,
      0.0,
      0.0,
      1.0,
      0.0,
      1.0,
      1.0,
      1.0,
      0.0,
      1.0
    ],
    "value": 0.1789808228567875,
    "time": 12.016407976407923,
    "probability": 0.16498210419912818,
    "metrics": {
      "return": 0.18115885797576634,
      "risk": 0.08520632055935007,
      "sharpe": 1.8913955786121746,
      "sortino": 1.8913955786121746,
      "variance": 0.007260117063262723
    },
    "selected_assets": [
      "REGN",
      "MSCI",
      "C",
      "HON",
      "PNC"
    ]
  },
  "comparison": {
    "warmstart_approximation_ratio": 0.8106405893366758,
    "warmstart_vs_classical_time": 126.64675192061448,
    "value_gap": 0.041808544479534054,
    "classical_method_used": "exact_enumeration"
  }
}