{
  "tickers": [
    "GE",
    "JNJ",
    "AVGO",
    "AMZN",
    "CME",
    "LRCX",
    "TMO",
    "CRM",
    "TGT",
    "MDT",
    "CAT",
    "NKE",
    "META",
    "REGN",
    "BMY",
    "MSCI",
    "C",
    "HON",
    "ADI",
    "PNC"
  ],
  "risk_factor": 0.5,
  "classical_exact": {
    "solution": [
      0.0,
      1.0,
      0.0,
      0.0,
      0.0,
      0.0,
      0.0,
      0.0,
      1.0,
      0.0,
      0.0,
      0.0,
      0.0,
      0.0,
      0.0,
      1.0,
      1.0,
      1.0,
      0.0,
      0.0
    ],
    "value": 0.21759206435960843,
    "time": 0.09790897369384766,
    "metrics": {
      "return": 0.22558532180139124,
      "risk": 0.1264377905673996,
      "sharpe": 1.6259800244753633,
      "sortino": 1.6259800244753633,
      "variance": 0.0159865148835656
    },
    "selected_assets": [
      "JNJ",
      "TGT",
      "MSCI",
      "C",
      "HON"
    ]
  },
  "classical_greedy": {
    "solution": [
      0.0,
      1.0,
      0.0,
      0.0,
      0.0,
      0.0,
      0.0,
      0.0,
      1.0,
      0.0,
      0.0,
      0.0,
      0.0,
      0.0,
      0.0,
      1.0,
      1.0,
      1.0,
      0.0,
      0.0
    ],
    "value": 0.21759206435960843,
    "time": 0.0,
    "metrics": {
      "return": 0.22558532180139124,
      "risk": 0.1264377905673996,
      "sharpe": 1.6259800244753633,
      "sortino": 1.6259800244753633,
      "variance": 0.0159865148835656
    },
    "selected_assets": [
      "JNJ",
      "TGT",
      "MSCI",
      "C",
      "HON"
    ]
  },
  "warmstart_qaoa": {
    "solution": [
      0.0,
      1.0,
      0.0,
      0.0,
      0.0,
      0.0,
      0.0,
      0.0,
      1.0,
      0.0,
      0.0,
      0.0,
      0.0,
      0.0,
      0.0,
      1.0,
      1.0,
      1.0,
      0.0,
      0.0
    ],
    "value": 0.21759206435960843,
    "time": 7.5306876541686805,
    "probability": 0.2017361995587393,
    "metrics": {
      "return": 0.22558532180139124,
      "risk": 0.1264377905673996,
      "sharpe": 1.6259800244753633,
      "sortino": 1.6259800244753633,
      "variance": 0.0159865148835656
    },
    "selected_assets": [
      "JNJ",
      "TGT",
      "MSCI",
      "C",
      "HON"
    ]
  },
  "comparison": {
    "warmstart_approximation_ratio": 1.0,
    "warmstart_vs_classical_time": 76.9151934705847,
    "value_gap": 0.0,
    "classical_method_used": "exact_enumeration"
  }
}