{
  "tickers": [
    "GOOGL",
    "HON",
    "COST",
    "MPC",
    "UPS",
    "MCO",
    "GS",
    "PG",
    "LMT",
    "SCHW",
    "LLY",
    "NKE",
    "GILD",
    "KMB",
    "TGT",
    "CRM",
    "CSCO",
    "KO",
    "XOM",
    "PNC"
  ],
  "risk_factor": 0.5,
  "classical_exact": {
    "solution": [
      0.0,
      0.0,
      0.0,
      0.0,
      0.0,
      1.0,
      0.0,
      1.0,
      0.0,
      0.0,
      0.0,
      1.0,
      1.0,
      0.0,
      1.0,
      0.0,
      0.0,
      0.0,
      0.0,
      0.0
    ],
    "value": 0.21972855581765122,
    "time": 0.4833080768585205,
    "metrics": {
      "return": 0.22930995396278298,
      "risk": 0.13842975218594986,
      "sharpe": 1.5120301138849197,
      "sortino": 1.5120301138849197,
      "variance": 0.01916279629026349
    },
    "selected_assets": [
      "MCO",
      "PG",
      "NKE",
      "GILD",
      "TGT"
    ]
  },
  "classical_greedy": {
    "solution": [
      0.0,
      0.0,
      0.0,
      0.0,
      0.0,
      1.0,
      0.0,
      1.0,
      0.0,
      0.0,
      0.0,
      1.0,
      1.0,
      0.0,
      1.0,
      0.0,
      0.0,
      0.0,
      0.0,
      0.0
    ],
    "value": 0.21972855581765122,
    "time": 0.0,
    "metrics": {
      "return": 0.22930995396278298,
      "risk": 0.13842975218594986,
      "sharpe": 1.5120301138849197,
      "sortino": 1.5120301138849197,
      "variance": 0.01916279629026349
    },
    "selected_assets": [
      "MCO",
      "PG",
      "NKE",
      "GILD",
      "TGT"
    ]
  },
  "warmstart_qaoa": {
    "solution": [
      0.0,
      0.0,
      0.0,
      0.0,
      0.0,
      1.0,
      1.0,
      0.0,
      0.0,
      0.0,
      0.0,
      1.0,
      1.0,
      0.0,
      1.0,
      0.0,
      0.0,
      0.0,
      0.0,
      0.0
    ],
    "value": 0.18664910647523444,
    "time": 6.173513596812852,
    "probability": 0.1674591796474421,
    "metrics": {
      "return": 0.19238318956265127,
      "risk": 0.1070895241133962,
      "sharpe": 1.609711043071927,
      "sortino": 1.609711043071927,
      "variance": 0.011468166174833665
    },
    "selected_assets": [
      "MCO",
      "GS",
      "NKE",
      "GILD",
      "TGT"
    ]
  },
  "comparison": {
    "warmstart_approximation_ratio": 0.8494531162810317,
    "warmstart_vs_classical_time": 12.773454226009209,
    "value_gap": 0.03307944934241677,
    "classical_method_used": "exact_enumeration"
  }
}