{
  "tickers": [
    "WMT",
    "EL",
    "CME",
    "VRTX",
    "QCOM",
    "GOOGL",
    "TXN",
    "RTX",
    "HD",
    "USB",
    "MSCI",
    "COST",
    "DIS",
    "KMB",
    "NVDA",
    "ABBV",
    "CL",
    "CB",
    "REGN",
    "VLO"
  ],
  "risk_factor": 0.5,
  "classical_exact": {
    "solution": [
      0.0,
      0.0,
      0.0,
      1.0,
      0.0,
      0.0,
      0.0,
      1.0,
      0.0,
      0.0,
      0.0,
      0.0,
      1.0,
      0.0,
      0.0,
      0.0,
      1.0,
      0.0,
      1.0,
      0.0
    ],
    "value": 0.20547224584670828,
    "time": 0.09794211387634277,
    "metrics": {
      "return": 0.21438635143464152,
      "risk": 0.1335223246347459,
      "sharpe": 1.4558340859207695,
      "sortino": 1.4558340859207695,
      "variance": 0.01782821117586647
    },
    "selected_assets": [
      "VRTX",
      "RTX",
      "DIS",
      "CL",
      "REGN"
    ]
  },
  "classical_greedy": {
    "solution": [
      0.0,
      0.0,
      0.0,
      1.0,
      0.0,
      0.0,
      0.0,
      1.0,
      0.0,
      0.0,
      0.0,
      0.0,
      1.0,
      0.0,
      0.0,
      1.0,
      0.0,
      0.0,
      1.0,
      0.0
    ],
    "value": 0.2031862372467509,
    "time": 0.0,
    "metrics": {
      "return": 0.20996270803951303,
      "risk": 0.11641710177428526,
      "sharpe": 1.6317422882406172,
      "sortino": 1.6317422882406172,
      "variance": 0.013552941585524291
    },
    "selected_assets": [
      "VRTX",
      "RTX",
      "DIS",
      "ABBV",
      "REGN"
    ]
  },
  "warmstart_qaoa": {
    "solution": [
      0.0,
      0.0,
      0.0,
      1.0,
      0.0,
      0.0,
      0.0,
      1.0,
      0.0,
      0.0,
      0.0,
      0.0,
      1.0,
      0.0,
      0.0,
      0.0,
      1.0,
      0.0,
      1.0,
      0.0
    ],
    "value": 0.20547224584670828,
    "time": 9.050507319240989,
    "probability": 0.154392367460699,
    "metrics": {
      "return": 0.21438635143464152,
      "risk": 0.1335223246347459,
      "sharpe": 1.4558340859207695,
      "sortino": 1.4558340859207695,
      "variance": 0.01782821117586647
    },
    "selected_assets": [
      "VRTX",
      "RTX",
      "DIS",
      "CL",
      "REGN"
    ]
  },
  "comparison": {
    "warmstart_approximation_ratio": 1.0,
    "warmstart_vs_classical_time": 92.40669780384508,
    "value_gap": 0.0,
    "classical_method_used": "exact_enumeration"
  }
}