{
  "tickers": [
    "EOG",
    "PXD",
    "COP",
    "CVX",
    "WFC",
    "K",
    "PEP",
    "PFE",
    "REGN",
    "TGT",
    "MSFT",
    "ADBE",
    "DE",
    "CB",
    "C",
    "DIS",
    "MCO",
    "CRM",
    "MMM",
    "EMR"
  ],
  "risk_factor": 0.3,
  "classical_exact": {
    "solution": [
      1.0,
      0.0,
      0.0,
      0.0,
      0.0,
      0.0,
      0.0,
      0.0,
      1.0,
      0.0,
      0.0,
      1.0,
      1.0,
      0.0,
      0.0,
      0.0,
      1.0,
      0.0,
      0.0,
      0.0
    ],
    "value": 0.2050307353014427,
    "time": 0.09634661674499512,
    "metrics": {
      "return": 0.2101497218027518,
      "risk": 0.1306265223363808,
      "sharpe": 1.4556746853681888,
      "sortino": 1.4556746853681888,
      "variance": 0.01706328833769699
    },
    "selected_assets": [
      "EOG",
      "REGN",
      "ADBE",
      "DE",
      "MCO"
    ]
  },
  "classical_greedy": {
    "solution": [
      1.0,
      0.0,
      0.0,
      0.0,
      0.0,
      0.0,
      0.0,
      0.0,
      1.0,
      0.0,
      0.0,
      1.0,
      1.0,
      0.0,
      0.0,
      0.0,
      1.0,
      0.0,
      0.0,
      0.0
    ],
    "value": 0.2050307353014427,
    "time": 0.0,
    "metrics": {
      "return": 0.2101497218027518,
      "risk": 0.1306265223363808,
      "sharpe": 1.4556746853681888,
      "sortino": 1.4556746853681888,
      "variance": 0.01706328833769699
    },
    "selected_assets": [
      "EOG",
      "REGN",
      "ADBE",
      "DE",
      "MCO"
    ]
  },
  "warmstart_qaoa": {
    "solution": [
      1.0,
      0.0,
      0.0,
      0.0,
      0.0,
      0.0,
      0.0,
      0.0,
      1.0,
      0.0,
      0.0,
      1.0,
      1.0,
      0.0,
      0.0,
      0.0,
      1.0,
      0.0,
      0.0,
      0.0
    ],
    "value": 0.2050307353014427,
    "time": 14.483610789974767,
    "probability": 0.2309482929160875,
    "metrics": {
      "return": 0.2101497218027518,
      "risk": 0.1306265223363808,
      "sharpe": 1.4556746853681888,
      "sortino": 1.4556746853681888,
      "variance": 0.01706328833769699
    },
    "selected_assets": [
      "EOG",
      "REGN",
      "ADBE",
      "DE",
      "MCO"
    ]
  },
  "comparison": {
    "warmstart_approximation_ratio": 1.0,
    "warmstart_vs_classical_time": 150.32817216933714,
    "value_gap": 0.0,
    "classical_method_used": "exact_enumeration"
  }
}