{
  "tickers": [
    "MDT",
    "EL",
    "CVX",
    "PFE",
    "META",
    "TGT",
    "GILD",
    "PG",
    "MCHP",
    "REGN",
    "PEP",
    "CSCO",
    "CME",
    "KO",
    "CRM",
    "DIS",
    "ISRG",
    "CL",
    "TXN",
    "NKE"
  ],
  "risk_factor": 0.7,
  "classical_exact": {
    "solution": [
      0.0,
      1.0,
      0.0,
      0.0,
      1.0,
      0.0,
      0.0,
      0.0,
      0.0,
      0.0,
      0.0,
      1.0,
      1.0,
      0.0,
      0.0,
      1.0,
      0.0,
      0.0,
      0.0,
      0.0
    ],
    "value": 0.19584308965011804,
    "time": 0.47636938095092773,
    "metrics": {
      "return": 0.20642054157995668,
      "risk": 0.1229253660318129,
      "sharpe": 1.5165343622545029,
      "sortino": 1.5165343622545029,
      "variance": 0.015110645614055179
    },
    "selected_assets": [
      "EL",
      "META",
      "CSCO",
      "CME",
      "DIS"
    ]
  },
  "classical_greedy": {
    "solution": [
      0.0,
      1.0,
      0.0,
      0.0,
      1.0,
      0.0,
      0.0,
      0.0,
      0.0,
      0.0,
      0.0,
      1.0,
      1.0,
      0.0,
      0.0,
      1.0,
      0.0,
      0.0,
      0.0,
      0.0
    ],
    "value": 0.19584308965011804,
    "time": 0.0,
    "metrics": {
      "return": 0.20642054157995668,
      "risk": 0.1229253660318129,
      "sharpe": 1.5165343622545029,
      "sortino": 1.5165343622545029,
      "variance": 0.015110645614055179
    },
    "selected_assets": [
      "EL",
      "META",
      "CSCO",
      "CME",
      "DIS"
    ]
  },
  "warmstart_qaoa": {
    "solution": [
      0.0,
      1.0,
      0.0,
      0.0,
      1.0,
      1.0,
      0.0,
      0.0,
      0.0,
      0.0,
      0.0,
      1.0,
      0.0,
      0.0,
      0.0,
      1.0,
      0.0,
      0.0,
      0.0,
      0.0
    ],
    "value": 0.1764589641439974,
    "time": 10.021740972049507,
    "probability": 0.2106453231116922,
    "metrics": {
      "return": 0.19007811647403097,
      "risk": 0.13948452208058063,
      "sharpe": 1.2193332560280512,
      "sortino": 1.2193332560280512,
      "variance": 0.019455931900047983
    },
    "selected_assets": [
      "EL",
      "META",
      "TGT",
      "CSCO",
      "DIS"
    ]
  },
  "comparison": {
    "warmstart_approximation_ratio": 0.9010221624834902,
    "warmstart_vs_classical_time": 21.03775215788245,
    "value_gap": 0.019384125506120647,
    "classical_method_used": "exact_enumeration"
  }
}