{
  "tickers": [
    "PEP",
    "LRCX",
    "NVDA",
    "XOM",
    "BA",
    "AXP",
    "FIS",
    "SBUX",
    "MS",
    "AAPL",
    "SLB",
    "CME",
    "OXY",
    "ICE",
    "BLK",
    "DIS",
    "CAT",
    "TMO",
    "PNC",
    "MSFT"
  ],
  "risk_factor": 0.7,
  "classical_exact": {
    "solution": [
      0.0,
      0.0,
      0.0,
      0.0,
      0.0,
      1.0,
      1.0,
      0.0,
      1.0,
      0.0,
      0.0,
      1.0,
      0.0,
      0.0,
      0.0,
      0.0,
      0.0,
      0.0,
      1.0,
      0.0
    ],
    "value": 0.2312157828310918,
    "time": 0.45001649856567383,
    "metrics": {
      "return": 0.23793452911402857,
      "risk": 0.09797044950200032,
      "sharpe": 2.2244924895397045,
      "sortino": 2.2244924895397045,
      "variance": 0.009598208975623995
    },
    "selected_assets": [
      "AXP",
      "FIS",
      "MS",
      "CME",
      "PNC"
    ]
  },
  "classical_greedy": {
    "solution": [
      1.0,
      0.0,
      0.0,
      0.0,
      0.0,
      1.0,
      1.0,
      0.0,
      0.0,
      0.0,
      0.0,
      1.0,
      0.0,
      0.0,
      0.0,
      0.0,
      0.0,
      0.0,
      1.0,
      0.0
    ],
    "value": 0.23052013413070466,
    "time": 0.0,
    "metrics": {
      "return": 0.23568826075909888,
      "risk": 0.08592460672335474,
      "sharpe": 2.510203642287649,
      "sortino": 2.510203642287649,
      "variance": 0.007383038040563178
    },
    "selected_assets": [
      "PEP",
      "AXP",
      "FIS",
      "CME",
      "PNC"
    ]
  },
  "warmstart_qaoa": {
    "solution": [
      0.0,
      0.0,
      0.0,
      0.0,
      0.0,
      1.0,
      1.0,
      0.0,
      1.0,
      0.0,
      0.0,
      1.0,
      0.0,
      0.0,
      0.0,
      0.0,
      0.0,
      0.0,
      1.0,
      0.0
    ],
    "value": 0.2312157828310918,
    "time": 14.487925375611196,
    "probability": 0.2032228603285231,
    "metrics": {
      "return": 0.23793452911402857,
      "risk": 0.09797044950200032,
      "sharpe": 2.2244924895397045,
      "sortino": 2.2244924895397045,
      "variance": 0.009598208975623995
    },
    "selected_assets": [
      "AXP",
      "FIS",
      "MS",
      "CME",
      "PNC"
    ]
  },
  "comparison": {
    "warmstart_approximation_ratio": 1.0,
    "warmstart_vs_classical_time": 32.19420937185235,
    "value_gap": 0.0,
    "classical_method_used": "exact_enumeration"
  }
}