{
  "tickers": [
    "PEP",
    "LRCX",
    "NVDA",
    "XOM",
    "BA",
    "AXP",
    "FIS",
    "SBUX",
    "MS",
    "AAPL",
    "SLB",
    "CME",
    "OXY",
    "ICE",
    "BLK",
    "DIS",
    "CAT",
    "TMO",
    "PNC",
    "MSFT"
  ],
  "risk_factor": 0.5,
  "classical_exact": {
    "solution": [
      0.0,
      0.0,
      0.0,
      0.0,
      0.0,
      1.0,
      1.0,
      0.0,
      1.0,
      0.0,
      0.0,
      1.0,
      0.0,
      0.0,
      0.0,
      0.0,
      0.0,
      0.0,
      1.0,
      0.0
    ],
    "value": 0.23313542462621656,
    "time": 0.44658851623535156,
    "metrics": {
      "return": 0.23793452911402857,
      "risk": 0.09797044950200032,
      "sharpe": 2.2244924895397045,
      "sortino": 2.2244924895397045,
      "variance": 0.009598208975623995
    },
    "selected_assets": [
      "AXP",
      "FIS",
      "MS",
      "CME",
      "PNC"
    ]
  },
  "classical_greedy": {
    "solution": [
      1.0,
      0.0,
      0.0,
      0.0,
      0.0,
      1.0,
      1.0,
      0.0,
      0.0,
      0.0,
      0.0,
      1.0,
      0.0,
      0.0,
      0.0,
      0.0,
      0.0,
      0.0,
      1.0,
      0.0
    ],
    "value": 0.2319967417388173,
    "time": 0.0,
    "metrics": {
      "return": 0.23568826075909888,
      "risk": 0.08592460672335474,
      "sharpe": 2.510203642287649,
      "sortino": 2.510203642287649,
      "variance": 0.007383038040563178
    },
    "selected_assets": [
      "PEP",
      "AXP",
      "FIS",
      "CME",
      "PNC"
    ]
  },
  "warmstart_qaoa": {
    "solution": [
      0.0,
      0.0,
      1.0,
      0.0,
      0.0,
      1.0,
      1.0,
      0.0,
      1.0,
      0.0,
      0.0,
      0.0,
      0.0,
      0.0,
      0.0,
      0.0,
      0.0,
      0.0,
      1.0,
      0.0
    ],
    "value": 0.22673173415849115,
    "time": 9.686222965387348,
    "probability": 0.2432715443189175,
    "metrics": {
      "return": 0.23423942143188678,
      "risk": 0.12253723738844143,
      "sharpe": 1.7483617714731943,
      "sortino": 1.7483617714731943,
      "variance": 0.015015374546791246
    },
    "selected_assets": [
      "NVDA",
      "AXP",
      "FIS",
      "MS",
      "PNC"
    ]
  },
  "comparison": {
    "warmstart_approximation_ratio": 0.9725323147351271,
    "warmstart_vs_classical_time": 21.68936865425962,
    "value_gap": 0.006403690467725404,
    "classical_method_used": "exact_enumeration"
  }
}