{
  "tickers": [
    "BMY",
    "MMM",
    "GIS",
    "ICE",
    "VRTX",
    "SPGI",
    "WMT",
    "AXP",
    "LLY",
    "USB",
    "MU",
    "AMZN",
    "AVGO",
    "MCO",
    "DHR",
    "INTC",
    "KMB",
    "SYK",
    "CME",
    "UNH"
  ],
  "risk_factor": 0.7,
  "classical_exact": {
    "solution": [
      0.0,
      0.0,
      0.0,
      0.0,
      0.0,
      1.0,
      0.0,
      1.0,
      0.0,
      1.0,
      0.0,
      0.0,
      1.0,
      0.0,
      0.0,
      1.0,
      0.0,
      0.0,
      0.0,
      0.0
    ],
    "value": 0.18938893294006529,
    "time": 0.09438729286193848,
    "metrics": {
      "return": 0.19686396047180496,
      "risk": 0.10333736381206993,
      "sharpe": 1.7115199570355892,
      "sortino": 1.7115199570355892,
      "variance": 0.010678610759628098
    },
    "selected_assets": [
      "SPGI",
      "AXP",
      "USB",
      "AVGO",
      "INTC"
    ]
  },
  "classical_greedy": {
    "solution": [
      0.0,
      0.0,
      0.0,
      0.0,
      0.0,
      1.0,
      0.0,
      1.0,
      0.0,
      1.0,
      0.0,
      0.0,
      1.0,
      0.0,
      1.0,
      0.0,
      0.0,
      0.0,
      0.0,
      0.0
    ],
    "value": 0.18818705030285054,
    "time": 0.0,
    "metrics": {
      "return": 0.19335501078897943,
      "risk": 0.08592322558231769,
      "sharpe": 2.01755706462508,
      "sortino": 2.01755706462508,
      "variance": 0.007382800694469852
    },
    "selected_assets": [
      "SPGI",
      "AXP",
      "USB",
      "AVGO",
      "DHR"
    ]
  },
  "warmstart_qaoa": {
    "solution": [
      0.0,
      1.0,
      0.0,
      0.0,
      0.0,
      1.0,
      0.0,
      0.0,
      0.0,
      1.0,
      0.0,
      0.0,
      1.0,
      0.0,
      0.0,
      1.0,
      0.0,
      0.0,
      0.0,
      0.0
    ],
    "value": 0.17967453140867212,
    "time": 12.242791948864514,
    "probability": 0.2070292317971511,
    "metrics": {
      "return": 0.1877183298996557,
      "risk": 0.10719673829648513,
      "sharpe": 1.5645842640825482,
      "sortino": 1.5645842640825482,
      "variance": 0.01149114070140512
    },
    "selected_assets": [
      "MMM",
      "SPGI",
      "USB",
      "AVGO",
      "INTC"
    ]
  },
  "comparison": {
    "warmstart_approximation_ratio": 0.9487066040206932,
    "warmstart_vs_classical_time": 129.70805261649156,
    "value_gap": 0.009714401531393163,
    "classical_method_used": "exact_enumeration"
  }
}