{
  "tickers": [
    "MDT",
    "EL",
    "CVX",
    "PFE",
    "META",
    "TGT",
    "GILD",
    "PG",
    "MCHP",
    "REGN",
    "PEP",
    "CSCO",
    "CME",
    "KO",
    "CRM",
    "DIS",
    "ISRG",
    "CL",
    "TXN",
    "NKE"
  ],
  "risk_factor": 0.5,
  "classical_exact": {
    "solution": [
      0.0,
      1.0,
      0.0,
      0.0,
      1.0,
      0.0,
      0.0,
      0.0,
      0.0,
      0.0,
      0.0,
      1.0,
      1.0,
      0.0,
      0.0,
      1.0,
      0.0,
      0.0,
      0.0,
      0.0
    ],
    "value": 0.1988652187729291,
    "time": 0.46920180320739746,
    "metrics": {
      "return": 0.20642054157995668,
      "risk": 0.1229253660318129,
      "sharpe": 1.5165343622545029,
      "sortino": 1.5165343622545029,
      "variance": 0.015110645614055179
    },
    "selected_assets": [
      "EL",
      "META",
      "CSCO",
      "CME",
      "DIS"
    ]
  },
  "classical_greedy": {
    "solution": [
      0.0,
      1.0,
      0.0,
      0.0,
      1.0,
      0.0,
      0.0,
      0.0,
      0.0,
      0.0,
      0.0,
      1.0,
      1.0,
      0.0,
      0.0,
      1.0,
      0.0,
      0.0,
      0.0,
      0.0
    ],
    "value": 0.1988652187729291,
    "time": 0.0,
    "metrics": {
      "return": 0.20642054157995668,
      "risk": 0.1229253660318129,
      "sharpe": 1.5165343622545029,
      "sortino": 1.5165343622545029,
      "variance": 0.015110645614055179
    },
    "selected_assets": [
      "EL",
      "META",
      "CSCO",
      "CME",
      "DIS"
    ]
  },
  "warmstart_qaoa": {
    "solution": [
      0.0,
      1.0,
      0.0,
      0.0,
      1.0,
      0.0,
      0.0,
      0.0,
      0.0,
      0.0,
      0.0,
      1.0,
      1.0,
      0.0,
      0.0,
      1.0,
      0.0,
      0.0,
      0.0,
      0.0
    ],
    "value": 0.1988652187729291,
    "time": 8.932110472707611,
    "probability": 0.166981568129338,
    "metrics": {
      "return": 0.20642054157995668,
      "risk": 0.1229253660318129,
      "sharpe": 1.5165343622545029,
      "sortino": 1.5165343622545029,
      "variance": 0.015110645614055179
    },
    "selected_assets": [
      "EL",
      "META",
      "CSCO",
      "CME",
      "DIS"
    ]
  },
  "comparison": {
    "warmstart_approximation_ratio": 1.0,
    "warmstart_vs_classical_time": 19.03682042918199,
    "value_gap": 0.0,
    "classical_method_used": "exact_enumeration"
  }
}