{
  "tickers": [
    "BMY",
    "MMM",
    "GIS",
    "ICE",
    "VRTX",
    "SPGI",
    "WMT",
    "AXP",
    "LLY",
    "USB",
    "MU",
    "AMZN",
    "AVGO",
    "MCO",
    "DHR",
    "INTC",
    "KMB",
    "SYK",
    "CME",
    "UNH"
  ],
  "risk_factor": 0.5,
  "classical_exact": {
    "solution": [
      0.0,
      0.0,
      0.0,
      0.0,
      0.0,
      1.0,
      0.0,
      1.0,
      0.0,
      1.0,
      0.0,
      0.0,
      1.0,
      0.0,
      0.0,
      1.0,
      0.0,
      0.0,
      0.0,
      0.0
    ],
    "value": 0.1915246550919909,
    "time": 0.09447240829467773,
    "metrics": {
      "return": 0.19686396047180496,
      "risk": 0.10333736381206993,
      "sharpe": 1.7115199570355892,
      "sortino": 1.7115199570355892,
      "variance": 0.010678610759628098
    },
    "selected_assets": [
      "SPGI",
      "AXP",
      "USB",
      "AVGO",
      "INTC"
    ]
  },
  "classical_greedy": {
    "solution": [
      0.0,
      0.0,
      0.0,
      0.0,
      0.0,
      1.0,
      0.0,
      1.0,
      0.0,
      1.0,
      0.0,
      0.0,
      1.0,
      0.0,
      1.0,
      0.0,
      0.0,
      0.0,
      0.0,
      0.0
    ],
    "value": 0.1896636104417445,
    "time": 0.0,
    "metrics": {
      "return": 0.19335501078897943,
      "risk": 0.08592322558231769,
      "sharpe": 2.01755706462508,
      "sortino": 2.01755706462508,
      "variance": 0.007382800694469852
    },
    "selected_assets": [
      "SPGI",
      "AXP",
      "USB",
      "AVGO",
      "DHR"
    ]
  },
  "warmstart_qaoa": {
    "solution": [
      0.0,
      0.0,
      0.0,
      0.0,
      0.0,
      1.0,
      0.0,
      1.0,
      0.0,
      1.0,
      0.0,
      0.0,
      1.0,
      0.0,
      0.0,
      1.0,
      0.0,
      0.0,
      0.0,
      0.0
    ],
    "value": 0.1915246550919909,
    "time": 13.858491436742133,
    "probability": 0.23621837270628934,
    "metrics": {
      "return": 0.19686396047180496,
      "risk": 0.10333736381206993,
      "sharpe": 1.7115199570355892,
      "sortino": 1.7115199570355892,
      "variance": 0.010678610759628098
    },
    "selected_assets": [
      "SPGI",
      "AXP",
      "USB",
      "AVGO",
      "INTC"
    ]
  },
  "comparison": {
    "warmstart_approximation_ratio": 1.0,
    "warmstart_vs_classical_time": 146.69353398417468,
    "value_gap": 0.0,
    "classical_method_used": "exact_enumeration"
  }
}