{
  "tickers": [
    "WMT",
    "EL",
    "CME",
    "VRTX",
    "QCOM",
    "GOOGL",
    "TXN",
    "RTX",
    "HD",
    "USB",
    "MSCI",
    "COST",
    "DIS",
    "KMB",
    "NVDA",
    "ABBV",
    "CL",
    "CB",
    "REGN",
    "VLO"
  ],
  "risk_factor": 0.7,
  "classical_exact": {
    "solution": [
      0.0,
      0.0,
      0.0,
      1.0,
      0.0,
      0.0,
      0.0,
      1.0,
      0.0,
      0.0,
      0.0,
      0.0,
      1.0,
      0.0,
      0.0,
      0.0,
      1.0,
      0.0,
      1.0,
      0.0
    ],
    "value": 0.20190660361153498,
    "time": 0.09053564071655273,
    "metrics": {
      "return": 0.21438635143464152,
      "risk": 0.1335223246347459,
      "sharpe": 1.4558340859207695,
      "sortino": 1.4558340859207695,
      "variance": 0.01782821117586647
    },
    "selected_assets": [
      "VRTX",
      "RTX",
      "DIS",
      "CL",
      "REGN"
    ]
  },
  "classical_greedy": {
    "solution": [
      0.0,
      0.0,
      0.0,
      1.0,
      0.0,
      0.0,
      0.0,
      1.0,
      0.0,
      0.0,
      0.0,
      0.0,
      1.0,
      0.0,
      0.0,
      1.0,
      0.0,
      0.0,
      1.0,
      0.0
    ],
    "value": 0.20047564892964603,
    "time": 0.0,
    "metrics": {
      "return": 0.20996270803951303,
      "risk": 0.11641710177428526,
      "sharpe": 1.6317422882406172,
      "sortino": 1.6317422882406172,
      "variance": 0.013552941585524291
    },
    "selected_assets": [
      "VRTX",
      "RTX",
      "DIS",
      "ABBV",
      "REGN"
    ]
  },
  "warmstart_qaoa": {
    "solution": [
      0.0,
      0.0,
      0.0,
      1.0,
      0.0,
      0.0,
      0.0,
      1.0,
      0.0,
      0.0,
      0.0,
      0.0,
      1.0,
      1.0,
      0.0,
      0.0,
      1.0,
      0.0,
      0.0,
      0.0
    ],
    "value": 0.1834784364913055,
    "time": 5.760317674247732,
    "probability": 0.16152881612292108,
    "metrics": {
      "return": 0.19532982107399705,
      "risk": 0.13011744465614544,
      "sharpe": 1.3474735961602382,
      "sortino": 1.3474735961602382,
      "variance": 0.01693054940384507
    },
    "selected_assets": [
      "VRTX",
      "RTX",
      "DIS",
      "KMB",
      "CL"
    ]
  },
  "comparison": {
    "warmstart_approximation_ratio": 0.9087292501057321,
    "warmstart_vs_classical_time": 63.62486230458152,
    "value_gap": 0.01842816712022949,
    "classical_method_used": "exact_enumeration"
  }
}