{
  "tickers": [
    "EOG",
    "PXD",
    "COP",
    "CVX",
    "WFC",
    "K",
    "PEP",
    "PFE",
    "REGN",
    "TGT",
    "MSFT",
    "ADBE",
    "DE",
    "CB",
    "C",
    "DIS",
    "MCO",
    "CRM",
    "MMM",
    "EMR"
  ],
  "risk_factor": 0.7,
  "classical_exact": {
    "solution": [
      1.0,
      0.0,
      0.0,
      0.0,
      0.0,
      0.0,
      0.0,
      0.0,
      1.0,
      0.0,
      0.0,
      1.0,
      1.0,
      0.0,
      0.0,
      0.0,
      1.0,
      0.0,
      0.0,
      0.0
    ],
    "value": 0.1982054199663639,
    "time": 0.11523795127868652,
    "metrics": {
      "return": 0.2101497218027518,
      "risk": 0.1306265223363808,
      "sharpe": 1.4556746853681888,
      "sortino": 1.4556746853681888,
      "variance": 0.01706328833769699
    },
    "selected_assets": [
      "EOG",
      "REGN",
      "ADBE",
      "DE",
      "MCO"
    ]
  },
  "classical_greedy": {
    "solution": [
      1.0,
      0.0,
      0.0,
      0.0,
      0.0,
      0.0,
      0.0,
      0.0,
      1.0,
      0.0,
      0.0,
      1.0,
      1.0,
      0.0,
      0.0,
      0.0,
      1.0,
      0.0,
      0.0,
      0.0
    ],
    "value": 0.1982054199663639,
    "time": 0.0,
    "metrics": {
      "return": 0.2101497218027518,
      "risk": 0.1306265223363808,
      "sharpe": 1.4556746853681888,
      "sortino": 1.4556746853681888,
      "variance": 0.01706328833769699
    },
    "selected_assets": [
      "EOG",
      "REGN",
      "ADBE",
      "DE",
      "MCO"
    ]
  },
  "warmstart_qaoa": {
    "solution": [
      1.0,
      0.0,
      0.0,
      0.0,
      0.0,
      0.0,
      0.0,
      0.0,
      0.0,
      0.0,
      0.0,
      1.0,
      1.0,
      0.0,
      1.0,
      0.0,
      1.0,
      0.0,
      0.0,
      0.0
    ],
    "value": 0.16501043893481837,
    "time": 12.011595649910742,
    "probability": 0.19338989266780737,
    "metrics": {
      "return": 0.17910805201696184,
      "risk": 0.14191352035731117,
      "sharpe": 1.121162040208418,
      "sortino": 1.121162040208418,
      "variance": 0.020139447260204973
    },
    "selected_assets": [
      "EOG",
      "ADBE",
      "DE",
      "C",
      "MCO"
    ]
  },
  "comparison": {
    "warmstart_approximation_ratio": 0.8325223344690633,
    "warmstart_vs_classical_time": 104.23298502471997,
    "value_gap": 0.03319498103154553,
    "classical_method_used": "exact_enumeration"
  }
}