{
  "tickers": [
    "HD",
    "META",
    "DIS",
    "WFC",
    "ISRG",
    "CSCO",
    "ABT",
    "EOG",
    "CME",
    "TXN",
    "BMY",
    "AAPL",
    "RTX",
    "DE",
    "TMO",
    "FIS",
    "PEP",
    "MSFT",
    "LRCX",
    "MMM"
  ],
  "risk_factor": 0.3,
  "classical_exact": {
    "solution": [
      0.0,
      0.0,
      0.0,
      0.0,
      1.0,
      0.0,
      0.0,
      1.0,
      1.0,
      0.0,
      0.0,
      0.0,
      0.0,
      1.0,
      0.0,
      1.0,
      0.0,
      0.0,
      0.0,
      0.0
    ],
    "value": 0.22465020497995827,
    "time": 0.09587526321411133,
    "metrics": {
      "return": 0.22992784945338995,
      "risk": 0.13263539589706916,
      "sharpe": 1.582743791983726,
      "sortino": 1.582743791983726,
      "variance": 0.017592148244772267
    },
    "selected_assets": [
      "ISRG",
      "EOG",
      "CME",
      "DE",
      "FIS"
    ]
  },
  "classical_greedy": {
    "solution": [
      0.0,
      0.0,
      1.0,
      0.0,
      1.0,
      0.0,
      0.0,
      1.0,
      1.0,
      0.0,
      0.0,
      0.0,
      0.0,
      0.0,
      0.0,
      1.0,
      0.0,
      0.0,
      0.0,
      0.0
    ],
    "value": 0.22274428021999426,
    "time": 0.0,
    "metrics": {
      "return": 0.22653918696661285,
      "risk": 0.11247083691070897,
      "sharpe": 1.8363799242516983,
      "sortino": 1.8363799242516983,
      "variance": 0.012649689155395296
    },
    "selected_assets": [
      "DIS",
      "ISRG",
      "EOG",
      "CME",
      "FIS"
    ]
  },
  "warmstart_qaoa": {
    "solution": [
      0.0,
      0.0,
      0.0,
      0.0,
      0.0,
      0.0,
      1.0,
      1.0,
      1.0,
      0.0,
      0.0,
      0.0,
      0.0,
      1.0,
      0.0,
      1.0,
      0.0,
      0.0,
      0.0,
      0.0
    ],
    "value": 0.2080934865229146,
    "time": 6.606552772519988,
    "probability": 0.2402837356951924,
    "metrics": {
      "return": 0.21232434485878018,
      "risk": 0.11875546774591865,
      "sharpe": 1.6194988618988446,
      "sortino": 1.6194988618988446,
      "variance": 0.014102861119551925
    },
    "selected_assets": [
      "ABT",
      "EOG",
      "CME",
      "DE",
      "FIS"
    ]
  },
  "comparison": {
    "warmstart_approximation_ratio": 0.9263000073446594,
    "warmstart_vs_classical_time": 68.9077928033016,
    "value_gap": 0.01655671845704368,
    "classical_method_used": "exact_enumeration"
  }
}