{
  "tickers": [
    "GE",
    "JNJ",
    "AVGO",
    "AMZN",
    "CME",
    "LRCX",
    "TMO",
    "CRM",
    "TGT",
    "MDT",
    "CAT",
    "NKE",
    "META",
    "REGN",
    "BMY",
    "MSCI",
    "C",
    "HON",
    "ADI",
    "PNC"
  ],
  "risk_factor": 0.7,
  "classical_exact": {
    "solution": [
      0.0,
      1.0,
      0.0,
      0.0,
      0.0,
      0.0,
      0.0,
      0.0,
      1.0,
      0.0,
      0.0,
      0.0,
      0.0,
      0.0,
      0.0,
      1.0,
      1.0,
      1.0,
      0.0,
      0.0
    ],
    "value": 0.21439476138289532,
    "time": 0.09646940231323242,
    "metrics": {
      "return": 0.22558532180139124,
      "risk": 0.1264377905673996,
      "sharpe": 1.6259800244753633,
      "sortino": 1.6259800244753633,
      "variance": 0.0159865148835656
    },
    "selected_assets": [
      "JNJ",
      "TGT",
      "MSCI",
      "C",
      "HON"
    ]
  },
  "classical_greedy": {
    "solution": [
      0.0,
      0.0,
      0.0,
      0.0,
      0.0,
      0.0,
      0.0,
      0.0,
      1.0,
      0.0,
      0.0,
      1.0,
      0.0,
      0.0,
      0.0,
      1.0,
      1.0,
      1.0,
      0.0,
      0.0
    ],
    "value": 0.2100318625080022,
    "time": 0.0,
    "metrics": {
      "return": 0.21629438299669582,
      "risk": 0.0945857168973776,
      "sharpe": 2.075306816246567,
      "sortino": 2.075306816246567,
      "variance": 0.008946457840990863
    },
    "selected_assets": [
      "TGT",
      "NKE",
      "MSCI",
      "C",
      "HON"
    ]
  },
  "warmstart_qaoa": {
    "solution": [
      0.0,
      1.0,
      0.0,
      0.0,
      0.0,
      0.0,
      0.0,
      0.0,
      1.0,
      0.0,
      0.0,
      0.0,
      0.0,
      0.0,
      0.0,
      1.0,
      1.0,
      1.0,
      0.0,
      0.0
    ],
    "value": 0.21439476138289532,
    "time": 9.314114505271784,
    "probability": 0.17565007259878923,
    "metrics": {
      "return": 0.22558532180139124,
      "risk": 0.1264377905673996,
      "sharpe": 1.6259800244753633,
      "sortino": 1.6259800244753633,
      "variance": 0.0159865148835656
    },
    "selected_assets": [
      "JNJ",
      "TGT",
      "MSCI",
      "C",
      "HON"
    ]
  },
  "comparison": {
    "warmstart_approximation_ratio": 1.0,
    "warmstart_vs_classical_time": 96.54993481797693,
    "value_gap": 0.0,
    "classical_method_used": "exact_enumeration"
  }
}