{
  "run_number": 13,
  "scenario": {
    "trend": "neutral",
    "volatility": "medium",
    "correlation": "mixed"
  },
  "n_assets": 15,
  "budget": 4,
  "approximation_ratio": 0.9987408186111608,
  "best_solution_probability": 0.0001220703125,
  "feasibility_rate": 0.1956787109375,
  "circuit_depth": 7,
  "convergence_iterations": 11,
  "objective_value": 0.0670553459805761,
  "selected_assets": [
    "TECH1",
    "FIN4",
    "FIN5",
    "HEALTH1"
  ],
  "top_10_solutions": [
    "000000000000000",
    "000000000000111",
    "000000000000010",
    "000000000000110",
    "000100000000000",
    "000000000001000",
    "000000001000000",
    "000000000010000",
    "001000000000000",
    "000000010000000"
  ],
  "top_10_probabilities": [
    0.0428466796875,
    0.037109375,
    0.015625,
    0.0135498046875,
    0.011962890625,
    0.0111083984375,
    0.0107421875,
    0.010009765625,
    0.0096435546875,
    0.0093994140625
  ],
  "top_10_feasible": [
    false,
    false,
    false,
    false,
    false,
    false,
    false,
    false,
    false,
    false
  ],
  "hamming_weight_distribution": {
    "3": 0.203369140625,
    "4": 0.1956787109375,
    "5": 0.1419677734375,
    "2": 0.148193359375,
    "7": 0.0447998046875,
    "6": 0.083740234375,
    "1": 0.1121826171875,
    "8": 0.0166015625,
    "0": 0.0428466796875,
    "9": 0.006591796875,
    "10": 0.0028076171875,
    "11": 0.0009765625,
    "13": 0.0001220703125,
    "12": 0.0001220703125
  }
}