{
  "run_number": 9,
  "scenario": {
    "trend": "bull",
    "volatility": "high",
    "correlation": "clustered"
  },
  "n_assets": 15,
  "budget": 4,
  "approximation_ratio": 1.0,
  "best_solution_probability": 0.0013427734375,
  "feasibility_rate": 0.18359375,
  "circuit_depth": 7,
  "convergence_iterations": 14,
  "objective_value": 0.1899755362710175,
  "selected_assets": [
    "TECH1",
    "TECH2",
    "FIN2",
    "HEALTH4"
  ],
  "top_10_solutions": [
    "000000000000000",
    "000000000000111",
    "110000000000000",
    "110000000000111",
    "000000000000010",
    "000000000001000",
    "000000100000000",
    "000000000000110",
    "000010000000000",
    "000000111000000"
  ],
  "top_10_probabilities": [
    0.02734375,
    0.021728515625,
    0.0172119140625,
    0.0113525390625,
    0.009765625,
    0.0093994140625,
    0.0089111328125,
    0.0084228515625,
    0.007568359375,
    0.00732421875
  ],
  "top_10_feasible": [
    false,
    false,
    false,
    false,
    false,
    false,
    false,
    false,
    false,
    false
  ],
  "hamming_weight_distribution": {
    "2": 0.11572265625,
    "8": 0.038330078125,
    "4": 0.18359375,
    "3": 0.1734619140625,
    "5": 0.1622314453125,
    "6": 0.125,
    "9": 0.0174560546875,
    "7": 0.0750732421875,
    "1": 0.0760498046875,
    "10": 0.004638671875,
    "0": 0.02734375,
    "11": 0.0008544921875,
    "12": 0.000244140625
  }
}