{
  "run_number": 6,
  "scenario": {
    "trend": "bull",
    "volatility": "low",
    "correlation": "positive"
  },
  "n_assets": 15,
  "budget": 4,
  "approximation_ratio": 1.0,
  "best_solution_probability": 0.000244140625,
  "feasibility_rate": 0.189453125,
  "circuit_depth": 7,
  "convergence_iterations": 10,
  "objective_value": 0.24418484577212377,
  "selected_assets": [
    "FIN1",
    "FIN3",
    "FIN4",
    "FIN5"
  ],
  "top_10_solutions": [
    "000000000000000",
    "000000000001000",
    "000000000000111",
    "000011100000000",
    "000000001000000",
    "000001000000000",
    "000000000000100",
    "000010000000000",
    "000011000000000",
    "000000000010000"
  ],
  "top_10_probabilities": [
    0.0364990234375,
    0.0152587890625,
    0.0140380859375,
    0.012939453125,
    0.0126953125,
    0.0115966796875,
    0.011474609375,
    0.010986328125,
    0.0103759765625,
    0.0093994140625
  ],
  "top_10_feasible": [
    false,
    false,
    false,
    false,
    false,
    false,
    false,
    false,
    false,
    false
  ],
  "hamming_weight_distribution": {
    "4": 0.189453125,
    "3": 0.204345703125,
    "6": 0.09033203125,
    "5": 0.14111328125,
    "8": 0.0174560546875,
    "7": 0.0360107421875,
    "1": 0.1142578125,
    "11": 0.0003662109375,
    "2": 0.1641845703125,
    "0": 0.0364990234375,
    "9": 0.0050048828125,
    "10": 0.0008544921875,
    "12": 0.0001220703125
  }
}