{
  "run_number": 14,
  "scenario": {
    "trend": "bull",
    "volatility": "high",
    "correlation": "clustered"
  },
  "n_assets": 15,
  "budget": 4,
  "approximation_ratio": 0.9631489162658532,
  "best_solution_probability": 0.0001220703125,
  "feasibility_rate": 0.19580078125,
  "circuit_depth": 7,
  "convergence_iterations": 25,
  "objective_value": 0.23238288167221222,
  "selected_assets": [
    "TECH2",
    "TECH4",
    "FIN5",
    "HEALTH1"
  ],
  "top_10_solutions": [
    "000000000000000",
    "000000000011000",
    "000011000000000",
    "110000000000000",
    "000000000010000",
    "000000000001100",
    "000011000011000",
    "110000000011000",
    "000000001000000",
    "000000000000100"
  ],
  "top_10_probabilities": [
    0.022216796875,
    0.015869140625,
    0.01318359375,
    0.01220703125,
    0.0093994140625,
    0.0078125,
    0.0076904296875,
    0.0069580078125,
    0.0068359375,
    0.005859375
  ],
  "top_10_feasible": [
    false,
    false,
    false,
    false,
    false,
    false,
    true,
    true,
    false,
    false
  ],
  "hamming_weight_distribution": {
    "4": 0.19580078125,
    "5": 0.1605224609375,
    "6": 0.1104736328125,
    "7": 0.059326171875,
    "3": 0.1959228515625,
    "8": 0.031005859375,
    "2": 0.143798828125,
    "0": 0.022216796875,
    "1": 0.0650634765625,
    "9": 0.01171875,
    "11": 0.00048828125,
    "10": 0.003662109375
  }
}