{
  "run_number": 19,
  "scenario": {
    "trend": "bull",
    "volatility": "high",
    "correlation": "clustered"
  },
  "n_assets": 15,
  "budget": 4,
  "approximation_ratio": 1.0,
  "best_solution_probability": 0.0001220703125,
  "feasibility_rate": 0.191650390625,
  "circuit_depth": 7,
  "convergence_iterations": 11,
  "objective_value": 0.21828540921354586,
  "selected_assets": [
    "FIN1",
    "FIN4",
    "HEALTH1",
    "HEALTH3"
  ],
  "top_10_solutions": [
    "000000000000000",
    "000000000000111",
    "001110000000000",
    "000000001000000",
    "000000000001000",
    "000000000000100",
    "000000000100000",
    "000000000000011",
    "001110000000111",
    "000000000010000"
  ],
  "top_10_probabilities": [
    0.02587890625,
    0.013671875,
    0.0118408203125,
    0.0101318359375,
    0.009521484375,
    0.009521484375,
    0.0089111328125,
    0.00732421875,
    0.0068359375,
    0.0067138671875
  ],
  "top_10_feasible": [
    false,
    false,
    false,
    false,
    false,
    false,
    false,
    false,
    false,
    false
  ],
  "hamming_weight_distribution": {
    "4": 0.191650390625,
    "3": 0.15966796875,
    "5": 0.1612548828125,
    "6": 0.1241455078125,
    "7": 0.081787109375,
    "2": 0.1220703125,
    "8": 0.0338134765625,
    "1": 0.0806884765625,
    "9": 0.013427734375,
    "11": 0.0010986328125,
    "0": 0.02587890625,
    "10": 0.0045166015625
  }
}