{
  "run_number": 15,
  "scenario": {
    "trend": "bear",
    "volatility": "low",
    "correlation": "uncorrelated"
  },
  "n_assets": 15,
  "budget": 4,
  "approximation_ratio": 1.0,
  "best_solution_probability": 0.0,
  "feasibility_rate": 0.1968994140625,
  "circuit_depth": 7,
  "convergence_iterations": 14,
  "objective_value": 0.025096189964650576,
  "selected_assets": [
    "TECH4",
    "FIN1",
    "FIN2",
    "FIN5"
  ],
  "top_10_solutions": [
    "000000000000000",
    "000000000000010",
    "000000000000100",
    "000000000010000",
    "000000000001000",
    "000000100000000",
    "000000000000011",
    "000100000000000",
    "000011000000000",
    "000010000000000"
  ],
  "top_10_probabilities": [
    0.0128173828125,
    0.0086669921875,
    0.0078125,
    0.0069580078125,
    0.0062255859375,
    0.005615234375,
    0.00537109375,
    0.004638671875,
    0.004150390625,
    0.0035400390625
  ],
  "top_10_feasible": [
    false,
    false,
    false,
    false,
    false,
    false,
    false,
    false,
    false,
    false
  ],
  "hamming_weight_distribution": {
    "1": 0.0589599609375,
    "9": 0.0140380859375,
    "4": 0.1968994140625,
    "11": 0.0013427734375,
    "5": 0.1768798828125,
    "6": 0.132568359375,
    "3": 0.165283203125,
    "8": 0.0355224609375,
    "2": 0.117919921875,
    "7": 0.0809326171875,
    "10": 0.0067138671875,
    "0": 0.0128173828125,
    "12": 0.0001220703125
  }
}