{
  "run_number": 20,
  "scenario": {
    "trend": "bear",
    "volatility": "low",
    "correlation": "uncorrelated"
  },
  "n_assets": 15,
  "budget": 4,
  "approximation_ratio": 0.9683895913609084,
  "best_solution_probability": 0.0,
  "feasibility_rate": 0.1890869140625,
  "circuit_depth": 7,
  "convergence_iterations": 23,
  "objective_value": 0.03349428082810198,
  "selected_assets": [
    "TECH1",
    "TECH4",
    "TECH5",
    "HEALTH1"
  ],
  "top_10_solutions": [
    "000000000000000",
    "000000000000010",
    "000000000000100",
    "000000000001100",
    "000100000000000",
    "000000100000000",
    "000000001100000",
    "000000000011000",
    "000000000000110",
    "001000000000000"
  ],
  "top_10_probabilities": [
    0.032470703125,
    0.015380859375,
    0.011474609375,
    0.0091552734375,
    0.009033203125,
    0.0086669921875,
    0.0086669921875,
    0.0086669921875,
    0.007568359375,
    0.00732421875
  ],
  "top_10_feasible": [
    false,
    false,
    false,
    false,
    false,
    false,
    false,
    false,
    false,
    false
  ],
  "hamming_weight_distribution": {
    "5": 0.139892578125,
    "0": 0.032470703125,
    "7": 0.038818359375,
    "6": 0.0888671875,
    "8": 0.0166015625,
    "4": 0.1890869140625,
    "3": 0.2086181640625,
    "9": 0.006103515625,
    "2": 0.1734619140625,
    "1": 0.105224609375,
    "10": 0.0008544921875
  }
}