{
  "run_number": 17,
  "scenario": {
    "trend": "bear",
    "volatility": "high",
    "correlation": "negative"
  },
  "n_assets": 15,
  "budget": 4,
  "approximation_ratio": 1.0,
  "best_solution_probability": 0.0,
  "feasibility_rate": 0.1827392578125,
  "circuit_depth": 7,
  "convergence_iterations": 10,
  "objective_value": 0.005931771705402784,
  "selected_assets": [
    "TECH4",
    "TECH5",
    "HEALTH2",
    "HEALTH4"
  ],
  "top_10_solutions": [
    "000000000000000",
    "000000000000010",
    "000000000011000",
    "000000000000100",
    "000001000000000",
    "001110000000000",
    "000010000000000",
    "000000100000000",
    "000010000000100",
    "000000010011000"
  ],
  "top_10_probabilities": [
    0.006591796875,
    0.0047607421875,
    0.00390625,
    0.0037841796875,
    0.003662109375,
    0.00341796875,
    0.00341796875,
    0.0032958984375,
    0.0032958984375,
    0.0030517578125
  ],
  "top_10_feasible": [
    false,
    false,
    false,
    false,
    false,
    false,
    false,
    false,
    false,
    false
  ],
  "hamming_weight_distribution": {
    "7": 0.1048583984375,
    "4": 0.1827392578125,
    "3": 0.1392822265625,
    "9": 0.026123046875,
    "6": 0.1531982421875,
    "5": 0.1925048828125,
    "2": 0.087890625,
    "8": 0.0601806640625,
    "10": 0.008056640625,
    "1": 0.0364990234375,
    "11": 0.0018310546875,
    "0": 0.006591796875,
    "12": 0.000244140625
  }
}