{
  "run_number": 10,
  "scenario": {
    "trend": "bear",
    "volatility": "low",
    "correlation": "uncorrelated"
  },
  "n_assets": 15,
  "budget": 4,
  "approximation_ratio": 1.0,
  "best_solution_probability": 0.0,
  "feasibility_rate": 0.1925048828125,
  "circuit_depth": 7,
  "convergence_iterations": 10,
  "objective_value": 0.028450527970600936,
  "selected_assets": [
    "TECH5",
    "FIN3",
    "FIN5",
    "HEALTH1"
  ],
  "top_10_solutions": [
    "000000000000000",
    "000000000000100",
    "000000000000010",
    "000000000000111",
    "000000000001000",
    "000000000011000",
    "000000000010000",
    "000000000001100",
    "000000000000011",
    "000000000100000"
  ],
  "top_10_probabilities": [
    0.024658203125,
    0.013671875,
    0.012451171875,
    0.009765625,
    0.009521484375,
    0.0079345703125,
    0.0078125,
    0.0076904296875,
    0.00732421875,
    0.006591796875
  ],
  "top_10_feasible": [
    false,
    false,
    false,
    false,
    false,
    false,
    false,
    false,
    false,
    false
  ],
  "hamming_weight_distribution": {
    "7": 0.0550537109375,
    "4": 0.1925048828125,
    "2": 0.1485595703125,
    "6": 0.1041259765625,
    "3": 0.1861572265625,
    "8": 0.027587890625,
    "5": 0.1639404296875,
    "1": 0.08251953125,
    "9": 0.0113525390625,
    "10": 0.002685546875,
    "0": 0.024658203125,
    "11": 0.000732421875,
    "13": 0.0001220703125
  }
}