{
  "run_number": 4,
  "scenario": {
    "trend": "bull",
    "volatility": "high",
    "correlation": "clustered"
  },
  "n_assets": 15,
  "budget": 4,
  "approximation_ratio": 1.0,
  "best_solution_probability": 0.0,
  "feasibility_rate": 0.183349609375,
  "circuit_depth": 7,
  "convergence_iterations": 16,
  "objective_value": 0.22433994061112061,
  "selected_assets": [
    "TECH4",
    "TECH5",
    "FIN2",
    "HEALTH2"
  ],
  "top_10_solutions": [
    "000000000000000",
    "000000001110000",
    "000000000000010",
    "000000111000000",
    "000000000000100",
    "000000000011000",
    "000000000100000",
    "001110000000000",
    "000100000000000",
    "001000000000000"
  ],
  "top_10_probabilities": [
    0.0205078125,
    0.0087890625,
    0.008056640625,
    0.007568359375,
    0.0074462890625,
    0.0069580078125,
    0.0068359375,
    0.00634765625,
    0.006103515625,
    0.0059814453125
  ],
  "top_10_feasible": [
    false,
    false,
    false,
    false,
    false,
    false,
    false,
    false,
    false,
    false
  ],
  "hamming_weight_distribution": {
    "5": 0.171142578125,
    "9": 0.0174560546875,
    "3": 0.1689453125,
    "4": 0.183349609375,
    "1": 0.0689697265625,
    "2": 0.1119384765625,
    "8": 0.038818359375,
    "6": 0.129638671875,
    "7": 0.0809326171875,
    "12": 0.000244140625,
    "10": 0.006591796875,
    "11": 0.0013427734375,
    "0": 0.0205078125,
    "13": 0.0001220703125
  }
}