{
  "run_number": 12,
  "scenario": {
    "trend": "bear",
    "volatility": "high",
    "correlation": "negative"
  },
  "n_assets": 15,
  "budget": 4,
  "approximation_ratio": 0.6154655819703193,
  "best_solution_probability": 0.00048828125,
  "feasibility_rate": 0.2088623046875,
  "circuit_depth": 7,
  "convergence_iterations": 50,
  "objective_value": 0.002487023740557484,
  "selected_assets": [
    "TECH1",
    "TECH2",
    "FIN2",
    "HEALTH1"
  ],
  "top_10_solutions": [
    "000000000000000",
    "000000001100000",
    "000001000000000",
    "000011000000000",
    "000000000010000",
    "000010000000000",
    "000001001100000",
    "000010001100000",
    "000000001110000",
    "000000000000100"
  ],
  "top_10_probabilities": [
    0.009521484375,
    0.0084228515625,
    0.0059814453125,
    0.0054931640625,
    0.0052490234375,
    0.0047607421875,
    0.004638671875,
    0.0042724609375,
    0.003662109375,
    0.003662109375
  ],
  "top_10_feasible": [
    false,
    false,
    false,
    false,
    false,
    false,
    false,
    false,
    false,
    false
  ],
  "hamming_weight_distribution": {
    "5": 0.1983642578125,
    "8": 0.0372314453125,
    "4": 0.2088623046875,
    "2": 0.1103515625,
    "3": 0.1724853515625,
    "6": 0.13232421875,
    "9": 0.0113525390625,
    "7": 0.0736083984375,
    "1": 0.041259765625,
    "10": 0.0032958984375,
    "11": 0.001220703125,
    "0": 0.009521484375,
    "12": 0.0001220703125
  }
}