{
  "run_number": 18,
  "scenario": {
    "trend": "neutral",
    "volatility": "medium",
    "correlation": "mixed"
  },
  "n_assets": 15,
  "budget": 4,
  "approximation_ratio": 1.0,
  "best_solution_probability": 0.0001220703125,
  "feasibility_rate": 0.1871337890625,
  "circuit_depth": 7,
  "convergence_iterations": 10,
  "objective_value": 0.1473437516551038,
  "selected_assets": [
    "TECH3",
    "HEALTH1",
    "HEALTH3",
    "HEALTH5"
  ],
  "top_10_solutions": [
    "000000000000000",
    "000000000000111",
    "000000000001000",
    "000000000000010",
    "000000000010000",
    "000000000100000",
    "100000000000000",
    "000000001000000",
    "000001000000000",
    "111000000000000"
  ],
  "top_10_probabilities": [
    0.0576171875,
    0.0286865234375,
    0.015380859375,
    0.0152587890625,
    0.013427734375,
    0.012939453125,
    0.0128173828125,
    0.0125732421875,
    0.01171875,
    0.009521484375
  ],
  "top_10_feasible": [
    false,
    false,
    false,
    false,
    false,
    false,
    false,
    false,
    false,
    false
  ],
  "hamming_weight_distribution": {
    "4": 0.1871337890625,
    "5": 0.1195068359375,
    "3": 0.1912841796875,
    "2": 0.1756591796875,
    "8": 0.01416015625,
    "6": 0.065185546875,
    "1": 0.1453857421875,
    "7": 0.0379638671875,
    "9": 0.004638671875,
    "10": 0.0010986328125,
    "0": 0.0576171875,
    "11": 0.0003662109375
  }
}