{
  "run_number": 11,
  "scenario": {
    "trend": "bull",
    "volatility": "low",
    "correlation": "positive"
  },
  "n_assets": 15,
  "budget": 4,
  "approximation_ratio": 0.9183364279880343,
  "best_solution_probability": 0.0,
  "feasibility_rate": 0.1795654296875,
  "circuit_depth": 7,
  "convergence_iterations": 50,
  "objective_value": 0.2241556391788198,
  "selected_assets": [
    "TECH4",
    "FIN3",
    "FIN4",
    "HEALTH2"
  ],
  "top_10_solutions": [
    "000000000000000",
    "000000000011000",
    "000000110000000",
    "000000000000100",
    "000000000000010",
    "000000000000011",
    "000000001000000",
    "000000010000000",
    "001100000000000",
    "000000000000001"
  ],
  "top_10_probabilities": [
    0.053466796875,
    0.02978515625,
    0.0145263671875,
    0.013916015625,
    0.0130615234375,
    0.01171875,
    0.011474609375,
    0.010986328125,
    0.0106201171875,
    0.0103759765625
  ],
  "top_10_feasible": [
    false,
    false,
    false,
    false,
    false,
    false,
    false,
    false,
    false,
    false
  ],
  "hamming_weight_distribution": {
    "7": 0.0279541015625,
    "4": 0.1795654296875,
    "6": 0.0672607421875,
    "1": 0.12255859375,
    "9": 0.001708984375,
    "3": 0.2138671875,
    "5": 0.1263427734375,
    "2": 0.1976318359375,
    "8": 0.0089111328125,
    "0": 0.053466796875,
    "10": 0.000732421875
  }
}