{
  "run_number": 16,
  "scenario": {
    "trend": "bull",
    "volatility": "low",
    "correlation": "positive"
  },
  "n_assets": 15,
  "budget": 4,
  "approximation_ratio": 1.0,
  "best_solution_probability": 0.0,
  "feasibility_rate": 0.171875,
  "circuit_depth": 7,
  "convergence_iterations": 15,
  "objective_value": 0.23717510503615588,
  "selected_assets": [
    "FIN1",
    "FIN2",
    "HEALTH3",
    "HEALTH5"
  ],
  "top_10_solutions": [
    "000000000000000",
    "000000001100000",
    "000000000000110",
    "000000010000000",
    "000000000001000",
    "000000100000000",
    "000000000000010",
    "000000000000011",
    "000000000000001",
    "000000000011000"
  ],
  "top_10_probabilities": [
    0.0535888671875,
    0.020751953125,
    0.0166015625,
    0.0145263671875,
    0.014404296875,
    0.010986328125,
    0.0107421875,
    0.0103759765625,
    0.0103759765625,
    0.0103759765625
  ],
  "top_10_feasible": [
    false,
    false,
    false,
    false,
    false,
    false,
    false,
    false,
    false,
    false
  ],
  "hamming_weight_distribution": {
    "3": 0.21875,
    "4": 0.171875,
    "5": 0.1102294921875,
    "2": 0.1961669921875,
    "8": 0.0120849609375,
    "6": 0.062255859375,
    "7": 0.0277099609375,
    "1": 0.1435546875,
    "0": 0.0535888671875,
    "9": 0.0028076171875,
    "10": 0.000732421875,
    "11": 0.000244140625
  }
}