{
  "run_number": 1,
  "scenario": {
    "trend": "bull",
    "volatility": "low",
    "correlation": "positive"
  },
  "n_assets": 15,
  "budget": 4,
  "approximation_ratio": 1.0,
  "best_solution_probability": 0.0,
  "feasibility_rate": 0.1932373046875,
  "circuit_depth": 7,
  "convergence_iterations": 37,
  "objective_value": 0.22420492585722787,
  "selected_assets": [
    "TECH1",
    "TECH4",
    "FIN2",
    "FIN5"
  ],
  "top_10_solutions": [
    "000000000000000",
    "000000000011000",
    "000000000000100",
    "000000000000010",
    "000000000001100",
    "000000000010000",
    "000000000000111",
    "000000000001000",
    "000011000000000",
    "000000010000000"
  ],
  "top_10_probabilities": [
    0.0284423828125,
    0.01611328125,
    0.0145263671875,
    0.0113525390625,
    0.0106201171875,
    0.0093994140625,
    0.00927734375,
    0.0079345703125,
    0.007080078125,
    0.0069580078125
  ],
  "top_10_feasible": [
    false,
    false,
    false,
    false,
    false,
    false,
    false,
    false,
    false,
    false
  ],
  "hamming_weight_distribution": {
    "3": 0.1964111328125,
    "8": 0.023193359375,
    "2": 0.167236328125,
    "4": 0.1932373046875,
    "5": 0.147216796875,
    "7": 0.047119140625,
    "6": 0.08984375,
    "1": 0.09423828125,
    "9": 0.008056640625,
    "10": 0.003662109375,
    "0": 0.0284423828125,
    "11": 0.0010986328125,
    "12": 0.0001220703125,
    "13": 0.0001220703125
  }
}