{
  "run_number": 7,
  "scenario": {
    "trend": "bear",
    "volatility": "high",
    "correlation": "negative"
  },
  "n_assets": 15,
  "budget": 4,
  "approximation_ratio": 0.06109351086898325,
  "best_solution_probability": 0.000244140625,
  "feasibility_rate": 0.1737060546875,
  "circuit_depth": 7,
  "convergence_iterations": 19,
  "objective_value": 0.0006782946910427511,
  "selected_assets": [
    "TECH5",
    "FIN1",
    "FIN2",
    "HEALTH3"
  ],
  "top_10_solutions": [
    "110000000000010",
    "000000000000010",
    "110000000000100",
    "000000000000100",
    "000000000000000",
    "110000000000101",
    "110000000000000",
    "110000000001000",
    "000000000000101",
    "110000000000011"
  ],
  "top_10_probabilities": [
    0.0072021484375,
    0.0062255859375,
    0.005859375,
    0.00537109375,
    0.0042724609375,
    0.004150390625,
    0.004150390625,
    0.0040283203125,
    0.0037841796875,
    0.003662109375
  ],
  "top_10_feasible": [
    false,
    false,
    false,
    false,
    false,
    true,
    false,
    false,
    false,
    true
  ],
  "hamming_weight_distribution": {
    "7": 0.11767578125,
    "4": 0.1737060546875,
    "5": 0.1912841796875,
    "8": 0.066650390625,
    "3": 0.133544921875,
    "6": 0.1661376953125,
    "9": 0.032958984375,
    "2": 0.0709228515625,
    "10": 0.0103759765625,
    "1": 0.0299072265625,
    "0": 0.0042724609375,
    "12": 0.000244140625,
    "11": 0.002197265625,
    "14": 0.0001220703125
  }
}