{
  "run_number": 2,
  "scenario": {
    "trend": "bear",
    "volatility": "high",
    "correlation": "negative"
  },
  "n_assets": 15,
  "budget": 4,
  "approximation_ratio": 0.0,
  "best_solution_probability": 0.0001220703125,
  "feasibility_rate": 0.16796875,
  "circuit_depth": 7,
  "convergence_iterations": 49,
  "objective_value": -0.025896975479753566,
  "selected_assets": [
    "TECH3",
    "FIN3",
    "HEALTH2",
    "HEALTH3"
  ],
  "top_10_solutions": [
    "110000000000000",
    "110000000000110",
    "000000000000000",
    "000000000000011",
    "000000000000001",
    "110000000000011",
    "000000000000110",
    "000000000000100",
    "110001000000110",
    "110000000100000"
  ],
  "top_10_probabilities": [
    0.0037841796875,
    0.0037841796875,
    0.0030517578125,
    0.0028076171875,
    0.002685546875,
    0.002685546875,
    0.002685546875,
    0.0025634765625,
    0.0025634765625,
    0.00244140625
  ],
  "top_10_feasible": [
    false,
    true,
    false,
    false,
    false,
    true,
    false,
    false,
    false,
    false
  ],
  "hamming_weight_distribution": {
    "5": 0.20166015625,
    "6": 0.1767578125,
    "8": 0.078857421875,
    "3": 0.111572265625,
    "2": 0.0546875,
    "7": 0.132568359375,
    "9": 0.0360107421875,
    "4": 0.16796875,
    "10": 0.01513671875,
    "1": 0.0181884765625,
    "0": 0.0030517578125,
    "11": 0.0025634765625,
    "12": 0.0008544921875,
    "13": 0.0001220703125
  }
}