{
  "run_number": 5,
  "scenario": {
    "trend": "bear",
    "volatility": "low",
    "correlation": "uncorrelated"
  },
  "n_assets": 15,
  "budget": 4,
  "approximation_ratio": 0.5042170553884123,
  "best_solution_probability": 0.0,
  "feasibility_rate": 0.2005615234375,
  "circuit_depth": 7,
  "convergence_iterations": 14,
  "objective_value": 0.006685762500166193,
  "selected_assets": [
    "TECH4",
    "TECH5",
    "FIN3",
    "HEALTH4"
  ],
  "top_10_solutions": [
    "000000000000000",
    "100000000000000",
    "000100000000000",
    "100000000000100",
    "000000001000000",
    "001100000000000",
    "000000000000010",
    "101000000000000",
    "100000001100000",
    "100010000000000"
  ],
  "top_10_probabilities": [
    0.005126953125,
    0.004638671875,
    0.0030517578125,
    0.0029296875,
    0.0029296875,
    0.0028076171875,
    0.0025634765625,
    0.0023193359375,
    0.002197265625,
    0.002197265625
  ],
  "top_10_feasible": [
    false,
    false,
    false,
    false,
    false,
    false,
    false,
    false,
    false,
    false
  ],
  "hamming_weight_distribution": {
    "2": 0.080322265625,
    "3": 0.1436767578125,
    "6": 0.165771484375,
    "5": 0.2003173828125,
    "8": 0.0472412109375,
    "4": 0.2005615234375,
    "7": 0.10205078125,
    "10": 0.0068359375,
    "9": 0.018798828125,
    "11": 0.001708984375,
    "1": 0.0274658203125,
    "0": 0.005126953125,
    "12": 0.0001220703125
  }
}