{
  "run_number": 8,
  "scenario": {
    "trend": "neutral",
    "volatility": "medium",
    "correlation": "mixed"
  },
  "n_assets": 15,
  "budget": 4,
  "approximation_ratio": 0.8999295247718986,
  "best_solution_probability": 0.0,
  "feasibility_rate": 0.166748046875,
  "circuit_depth": 7,
  "convergence_iterations": 13,
  "objective_value": 0.08892596551846348,
  "selected_assets": [
    "TECH2",
    "TECH3",
    "FIN5",
    "HEALTH2"
  ],
  "top_10_solutions": [
    "000000000000000",
    "110000000000000",
    "000000000001000",
    "000000000011100",
    "001100000000000",
    "000000001000000",
    "001000000000000",
    "000000000000110",
    "000000010000000",
    "000000000010000"
  ],
  "top_10_probabilities": [
    0.06396484375,
    0.02392578125,
    0.0181884765625,
    0.01611328125,
    0.0146484375,
    0.0133056640625,
    0.0128173828125,
    0.012451171875,
    0.01220703125,
    0.01220703125
  ],
  "top_10_feasible": [
    false,
    false,
    false,
    false,
    false,
    false,
    false,
    false,
    false,
    false
  ],
  "hamming_weight_distribution": {
    "6": 0.0670166015625,
    "3": 0.2037353515625,
    "1": 0.1375732421875,
    "5": 0.1201171875,
    "0": 0.06396484375,
    "4": 0.166748046875,
    "7": 0.03271484375,
    "8": 0.012451171875,
    "2": 0.1912841796875,
    "9": 0.0032958984375,
    "10": 0.0008544921875,
    "11": 0.000244140625
  }
}