{
  "run_number": 3,
  "scenario": {
    "trend": "neutral",
    "volatility": "medium",
    "correlation": "mixed"
  },
  "n_assets": 15,
  "budget": 4,
  "approximation_ratio": 0.9864330035697928,
  "best_solution_probability": 0.0,
  "feasibility_rate": 0.1597900390625,
  "circuit_depth": 7,
  "convergence_iterations": 50,
  "objective_value": 0.11521270021065788,
  "selected_assets": [
    "TECH2",
    "TECH5",
    "HEALTH3",
    "HEALTH4"
  ],
  "top_10_solutions": [
    "000000000000000",
    "000000010000000",
    "000000001000000",
    "000000000100000",
    "000000000001100",
    "000010000000000",
    "000000000000010",
    "000000000000110",
    "000000000000001",
    "000000000011000"
  ],
  "top_10_probabilities": [
    0.0599365234375,
    0.016845703125,
    0.01611328125,
    0.0157470703125,
    0.015380859375,
    0.0137939453125,
    0.0130615234375,
    0.011474609375,
    0.011474609375,
    0.0113525390625
  ],
  "top_10_feasible": [
    false,
    false,
    false,
    false,
    false,
    false,
    false,
    false,
    false,
    false
  ],
  "hamming_weight_distribution": {
    "5": 0.1126708984375,
    "3": 0.206787109375,
    "4": 0.1597900390625,
    "1": 0.14990234375,
    "2": 0.198486328125,
    "10": 0.0009765625,
    "8": 0.01123046875,
    "7": 0.0294189453125,
    "6": 0.06689453125,
    "0": 0.0599365234375,
    "9": 0.00341796875,
    "11": 0.0003662109375,
    "13": 0.0001220703125
  }
}