{
  "run_number": 20,
  "scenario": {
    "trend": "bear",
    "volatility": "low",
    "correlation": "uncorrelated"
  },
  "n_assets": 15,
  "budget": 4,
  "approximation_ratio": 0.9683895913609084,
  "best_solution_probability": 0.0,
  "feasibility_rate": 0.1864013671875,
  "initial_feasibility_rate": 0.0296630859375,
  "circuit_depth": 7,
  "convergence_iterations": 42,
  "objective_value": 0.03349428082810198,
  "selected_assets": [
    "TECH1",
    "TECH4",
    "TECH5",
    "HEALTH1"
  ],
  "top_10_solutions": [
    "000000000000000",
    "000000000000111",
    "000000000001000",
    "000000000000010",
    "000000001100000",
    "000000000000100",
    "000100000000000",
    "000001000000000",
    "001000000000000",
    "000000010000000"
  ],
  "top_10_probabilities": [
    0.0389404296875,
    0.015869140625,
    0.0135498046875,
    0.0135498046875,
    0.010498046875,
    0.009765625,
    0.0093994140625,
    0.00927734375,
    0.009033203125,
    0.0089111328125
  ],
  "top_10_feasible": [
    false,
    false,
    false,
    false,
    false,
    false,
    false,
    false,
    false,
    false
  ],
  "hamming_weight_distribution": {
    "3": 0.201416015625,
    "2": 0.1678466796875,
    "5": 0.13720703125,
    "4": 0.1864013671875,
    "8": 0.0150146484375,
    "7": 0.0443115234375,
    "6": 0.0860595703125,
    "1": 0.1151123046875,
    "10": 0.0018310546875,
    "0": 0.0389404296875,
    "9": 0.005859375
  }
}