{
  "run_number": 11,
  "scenario": {
    "trend": "bull",
    "volatility": "low",
    "correlation": "positive"
  },
  "n_assets": 15,
  "budget": 4,
  "approximation_ratio": 0.9183364279880343,
  "best_solution_probability": 0.0,
  "feasibility_rate": 0.18896484375,
  "initial_feasibility_rate": 0.03466796875,
  "circuit_depth": 7,
  "convergence_iterations": 50,
  "objective_value": 0.2241556391788198,
  "selected_assets": [
    "TECH4",
    "FIN3",
    "FIN4",
    "HEALTH2"
  ],
  "top_10_solutions": [
    "000000000000000",
    "000000000011000",
    "000000000000010",
    "000000000001000",
    "000000110000000",
    "000000000010000",
    "000000000000100",
    "000000000001100",
    "000000000000011",
    "001100000000000"
  ],
  "top_10_probabilities": [
    0.036376953125,
    0.021484375,
    0.016357421875,
    0.013427734375,
    0.0126953125,
    0.012451171875,
    0.011962890625,
    0.01025390625,
    0.0101318359375,
    0.0091552734375
  ],
  "top_10_feasible": [
    false,
    false,
    false,
    false,
    false,
    false,
    false,
    false,
    false,
    false
  ],
  "hamming_weight_distribution": {
    "1": 0.1134033203125,
    "4": 0.18896484375,
    "6": 0.071044921875,
    "2": 0.18994140625,
    "7": 0.0322265625,
    "5": 0.1297607421875,
    "3": 0.2222900390625,
    "8": 0.011474609375,
    "0": 0.036376953125,
    "9": 0.003173828125,
    "10": 0.001220703125,
    "11": 0.0001220703125
  }
}