{
  "run_number": 1,
  "scenario": {
    "trend": "bull",
    "volatility": "low",
    "correlation": "positive"
  },
  "n_assets": 15,
  "budget": 4,
  "approximation_ratio": 1.0,
  "best_solution_probability": 0.0,
  "feasibility_rate": 0.1973876953125,
  "initial_feasibility_rate": 0.03564453125,
  "circuit_depth": 7,
  "convergence_iterations": 21,
  "objective_value": 0.22420492585722787,
  "selected_assets": [
    "TECH1",
    "TECH4",
    "FIN2",
    "FIN5"
  ],
  "top_10_solutions": [
    "000000000000000",
    "000000000000100",
    "000000000000010",
    "000000000011000",
    "000000000001100",
    "000000000010000",
    "000000000000011",
    "000000000001000",
    "000011000000000",
    "000000010000010"
  ],
  "top_10_probabilities": [
    0.0208740234375,
    0.018310546875,
    0.01708984375,
    0.0130615234375,
    0.0123291015625,
    0.010986328125,
    0.0098876953125,
    0.0081787109375,
    0.0057373046875,
    0.005615234375
  ],
  "top_10_feasible": [
    false,
    false,
    false,
    false,
    false,
    false,
    false,
    false,
    false,
    false
  ],
  "hamming_weight_distribution": {
    "7": 0.0501708984375,
    "6": 0.09228515625,
    "5": 0.140625,
    "4": 0.1973876953125,
    "2": 0.176025390625,
    "8": 0.0240478515625,
    "3": 0.193115234375,
    "1": 0.094482421875,
    "12": 0.0006103515625,
    "0": 0.0208740234375,
    "9": 0.0079345703125,
    "11": 0.0006103515625,
    "10": 0.0018310546875
  }
}