{
  "run_number": 8,
  "scenario": {
    "trend": "neutral",
    "volatility": "medium",
    "correlation": "mixed"
  },
  "n_assets": 15,
  "budget": 4,
  "approximation_ratio": 0.9010907126362436,
  "best_solution_probability": 0.0,
  "feasibility_rate": 0.1700439453125,
  "initial_feasibility_rate": 0.035888671875,
  "circuit_depth": 7,
  "convergence_iterations": 10,
  "objective_value": 0.0890407075611933,
  "selected_assets": [
    "TECH3",
    "FIN2",
    "FIN5",
    "HEALTH2"
  ],
  "top_10_solutions": [
    "000000000000000",
    "000000000001000",
    "000000000011100",
    "001100000000000",
    "000000000010000",
    "000000001000000",
    "000000000000110",
    "000010000000000",
    "000000000100000",
    "001000000000000"
  ],
  "top_10_probabilities": [
    0.06640625,
    0.0198974609375,
    0.0184326171875,
    0.0172119140625,
    0.0145263671875,
    0.013427734375,
    0.011962890625,
    0.011474609375,
    0.01123046875,
    0.01123046875
  ],
  "top_10_feasible": [
    false,
    false,
    false,
    false,
    false,
    false,
    false,
    false,
    false,
    false
  ],
  "hamming_weight_distribution": {
    "3": 0.22119140625,
    "7": 0.0281982421875,
    "4": 0.1700439453125,
    "6": 0.05810546875,
    "2": 0.189453125,
    "9": 0.0029296875,
    "8": 0.0093994140625,
    "5": 0.1072998046875,
    "1": 0.146484375,
    "0": 0.06640625,
    "10": 0.0003662109375,
    "11": 0.0001220703125
  }
}