{
  "run_number": 6,
  "scenario": {
    "trend": "bull",
    "volatility": "low",
    "correlation": "positive"
  },
  "n_assets": 15,
  "budget": 4,
  "approximation_ratio": 1.0,
  "best_solution_probability": 0.0001220703125,
  "feasibility_rate": 0.19287109375,
  "initial_feasibility_rate": 0.0537109375,
  "circuit_depth": 7,
  "convergence_iterations": 10,
  "objective_value": 0.24418484577212377,
  "selected_assets": [
    "FIN1",
    "FIN3",
    "FIN4",
    "FIN5"
  ],
  "top_10_solutions": [
    "000000000000000",
    "000011100000000",
    "000010000000000",
    "000000000001000",
    "000000000010000",
    "000000001000000",
    "000011000000000",
    "000000000000100",
    "000000000000111",
    "000001000000000"
  ],
  "top_10_probabilities": [
    0.04052734375,
    0.0130615234375,
    0.0125732421875,
    0.012451171875,
    0.0115966796875,
    0.0111083984375,
    0.0111083984375,
    0.0107421875,
    0.0103759765625,
    0.0096435546875
  ],
  "top_10_feasible": [
    false,
    false,
    false,
    false,
    false,
    false,
    false,
    false,
    false,
    false
  ],
  "hamming_weight_distribution": {
    "6": 0.0855712890625,
    "4": 0.19287109375,
    "1": 0.111572265625,
    "3": 0.19677734375,
    "5": 0.1402587890625,
    "8": 0.016357421875,
    "2": 0.1669921875,
    "7": 0.041259765625,
    "9": 0.0062255859375,
    "0": 0.04052734375,
    "10": 0.0015869140625
  }
}