{
  "run_number": 12,
  "scenario": {
    "trend": "bear",
    "volatility": "high",
    "correlation": "negative"
  },
  "n_assets": 15,
  "budget": 4,
  "approximation_ratio": 0.6154655819703193,
  "best_solution_probability": 0.0006103515625,
  "feasibility_rate": 0.1993408203125,
  "initial_feasibility_rate": 0.039794921875,
  "circuit_depth": 7,
  "convergence_iterations": 50,
  "objective_value": 0.002487023740557484,
  "selected_assets": [
    "TECH1",
    "TECH2",
    "FIN2",
    "HEALTH1"
  ],
  "top_10_solutions": [
    "000000000000000",
    "000000001100000",
    "000001000000000",
    "000010001100000",
    "000010000000000",
    "000000000010000",
    "000011000000000",
    "000001001100000",
    "000000001101000",
    "000000000001000"
  ],
  "top_10_probabilities": [
    0.0107421875,
    0.008056640625,
    0.0067138671875,
    0.0064697265625,
    0.006103515625,
    0.005615234375,
    0.0047607421875,
    0.004638671875,
    0.004150390625,
    0.004150390625
  ],
  "top_10_feasible": [
    false,
    false,
    false,
    false,
    false,
    false,
    false,
    false,
    false,
    false
  ],
  "hamming_weight_distribution": {
    "4": 0.1993408203125,
    "5": 0.1827392578125,
    "7": 0.0775146484375,
    "6": 0.1326904296875,
    "9": 0.014892578125,
    "8": 0.0439453125,
    "3": 0.1688232421875,
    "2": 0.1134033203125,
    "10": 0.0048828125,
    "1": 0.0496826171875,
    "11": 0.0009765625,
    "12": 0.0003662109375,
    "0": 0.0107421875
  }
}