{
  "run_number": 18,
  "scenario": {
    "trend": "neutral",
    "volatility": "medium",
    "correlation": "mixed"
  },
  "n_assets": 15,
  "budget": 4,
  "approximation_ratio": 1.0,
  "best_solution_probability": 0.0001220703125,
  "feasibility_rate": 0.184814453125,
  "initial_feasibility_rate": 0.076904296875,
  "circuit_depth": 7,
  "convergence_iterations": 10,
  "objective_value": 0.1473437516551038,
  "selected_assets": [
    "TECH3",
    "HEALTH1",
    "HEALTH3",
    "HEALTH5"
  ],
  "top_10_solutions": [
    "000000000000000",
    "000000000000111",
    "000000000001000",
    "000000000010000",
    "000000000100000",
    "000000000000010",
    "100000000000000",
    "000000001000000",
    "000000000001100",
    "000000100000000"
  ],
  "top_10_probabilities": [
    0.060791015625,
    0.0284423828125,
    0.0164794921875,
    0.0162353515625,
    0.015625,
    0.0142822265625,
    0.0133056640625,
    0.0113525390625,
    0.0103759765625,
    0.0098876953125
  ],
  "top_10_feasible": [
    false,
    false,
    false,
    false,
    false,
    false,
    false,
    false,
    false,
    false
  ],
  "hamming_weight_distribution": {
    "2": 0.177001953125,
    "4": 0.184814453125,
    "7": 0.035400390625,
    "3": 0.1820068359375,
    "10": 0.001708984375,
    "6": 0.0714111328125,
    "1": 0.15087890625,
    "5": 0.1180419921875,
    "0": 0.060791015625,
    "8": 0.013671875,
    "9": 0.00390625,
    "11": 0.0003662109375
  }
}