{
  "run_number": 5,
  "scenario": {
    "trend": "bear",
    "volatility": "low",
    "correlation": "uncorrelated"
  },
  "n_assets": 15,
  "budget": 4,
  "approximation_ratio": 1.0,
  "best_solution_probability": 0.0,
  "feasibility_rate": 0.1773681640625,
  "initial_feasibility_rate": 0.0260009765625,
  "circuit_depth": 7,
  "convergence_iterations": 50,
  "objective_value": 0.013259691295083156,
  "selected_assets": [
    "TECH2",
    "TECH4",
    "FIN3",
    "HEALTH4"
  ],
  "top_10_solutions": [
    "000000000000000",
    "000000000000111",
    "110000000000000",
    "000000000100000",
    "000000001000111",
    "000000001000000",
    "000000000000010",
    "000000001100000",
    "000001000000000",
    "001100000000000"
  ],
  "top_10_probabilities": [
    0.0064697265625,
    0.005615234375,
    0.00390625,
    0.0032958984375,
    0.0032958984375,
    0.003173828125,
    0.003173828125,
    0.0030517578125,
    0.0029296875,
    0.0028076171875
  ],
  "top_10_feasible": [
    false,
    false,
    false,
    false,
    true,
    false,
    false,
    false,
    false,
    false
  ],
  "hamming_weight_distribution": {
    "8": 0.0625,
    "4": 0.1773681640625,
    "6": 0.1639404296875,
    "5": 0.190185546875,
    "7": 0.1087646484375,
    "2": 0.0758056640625,
    "9": 0.0303955078125,
    "11": 0.00244140625,
    "3": 0.137451171875,
    "10": 0.0098876953125,
    "1": 0.0343017578125,
    "0": 0.0064697265625,
    "12": 0.00048828125
  }
}