{
  "run_number": 7,
  "scenario": {
    "trend": "bear",
    "volatility": "high",
    "correlation": "negative"
  },
  "n_assets": 15,
  "budget": 4,
  "approximation_ratio": -0.7128931466967646,
  "best_solution_probability": 0.0,
  "feasibility_rate": 0.1734619140625,
  "initial_feasibility_rate": 0.043701171875,
  "circuit_depth": 7,
  "convergence_iterations": 50,
  "objective_value": -0.007914942680609183,
  "selected_assets": [
    "TECH5",
    "FIN5",
    "HEALTH1",
    "HEALTH3"
  ],
  "top_10_solutions": [
    "110000000000010",
    "000000000000000",
    "000000000000010",
    "110000000000000",
    "110000000000101",
    "110011000000010",
    "110000000000100",
    "110000000001000",
    "000000100000000",
    "000000000000100"
  ],
  "top_10_probabilities": [
    0.0052490234375,
    0.0048828125,
    0.0048828125,
    0.004638671875,
    0.003662109375,
    0.0035400390625,
    0.0032958984375,
    0.0028076171875,
    0.002685546875,
    0.0025634765625
  ],
  "top_10_feasible": [
    false,
    false,
    false,
    false,
    true,
    false,
    false,
    false,
    false,
    false
  ],
  "hamming_weight_distribution": {
    "6": 0.1717529296875,
    "5": 0.1851806640625,
    "3": 0.123779296875,
    "7": 0.123291015625,
    "10": 0.0145263671875,
    "4": 0.1734619140625,
    "8": 0.0750732421875,
    "9": 0.0352783203125,
    "11": 0.0042724609375,
    "2": 0.063720703125,
    "1": 0.023681640625,
    "0": 0.0048828125,
    "13": 0.000244140625,
    "12": 0.0008544921875
  }
}