{
  "run_number": 4,
  "scenario": {
    "trend": "bull",
    "volatility": "high",
    "correlation": "clustered"
  },
  "n_assets": 15,
  "budget": 4,
  "approximation_ratio": 1.0,
  "best_solution_probability": 0.0001220703125,
  "feasibility_rate": 0.1832275390625,
  "initial_feasibility_rate": 0.0531005859375,
  "circuit_depth": 7,
  "convergence_iterations": 10,
  "objective_value": 0.22433994061112061,
  "selected_assets": [
    "TECH4",
    "TECH5",
    "FIN2",
    "HEALTH2"
  ],
  "top_10_solutions": [
    "000000000000000",
    "000000111000000",
    "000000000000100",
    "000000001110000",
    "000000000011000",
    "000000000100000",
    "000000000000111",
    "001000000000000",
    "000000000000010",
    "000000001000000"
  ],
  "top_10_probabilities": [
    0.0191650390625,
    0.009765625,
    0.0089111328125,
    0.0087890625,
    0.0081787109375,
    0.00634765625,
    0.0059814453125,
    0.0059814453125,
    0.005859375,
    0.005859375
  ],
  "top_10_feasible": [
    false,
    false,
    false,
    false,
    false,
    false,
    false,
    false,
    false,
    false
  ],
  "hamming_weight_distribution": {
    "1": 0.068115234375,
    "7": 0.082763671875,
    "3": 0.1602783203125,
    "2": 0.105224609375,
    "5": 0.164306640625,
    "4": 0.1832275390625,
    "6": 0.1343994140625,
    "9": 0.0230712890625,
    "8": 0.048583984375,
    "10": 0.0072021484375,
    "0": 0.0191650390625,
    "11": 0.0025634765625,
    "12": 0.0010986328125
  }
}