{
  "run_number": 13,
  "scenario": {
    "trend": "neutral",
    "volatility": "medium",
    "correlation": "mixed"
  },
  "n_assets": 15,
  "budget": 4,
  "approximation_ratio": 0.9987408186111608,
  "best_solution_probability": 0.0,
  "feasibility_rate": 0.1927490234375,
  "initial_feasibility_rate": 0.071044921875,
  "circuit_depth": 7,
  "convergence_iterations": 22,
  "objective_value": 0.0670553459805761,
  "selected_assets": [
    "TECH1",
    "FIN4",
    "FIN5",
    "HEALTH1"
  ],
  "top_10_solutions": [
    "000000000000000",
    "000000000000111",
    "000100000000000",
    "000000000000010",
    "000000000000110",
    "000000001000000",
    "000000000001000",
    "000000000001100",
    "000011000000000",
    "000000000100000"
  ],
  "top_10_probabilities": [
    0.045166015625,
    0.03125,
    0.013916015625,
    0.013427734375,
    0.011962890625,
    0.0118408203125,
    0.0118408203125,
    0.0118408203125,
    0.01025390625,
    0.0101318359375
  ],
  "top_10_feasible": [
    false,
    false,
    false,
    false,
    false,
    false,
    false,
    false,
    false,
    false
  ],
  "hamming_weight_distribution": {
    "3": 0.1920166015625,
    "4": 0.1927490234375,
    "10": 0.00244140625,
    "7": 0.050537109375,
    "5": 0.1280517578125,
    "2": 0.1553955078125,
    "6": 0.0914306640625,
    "1": 0.1142578125,
    "9": 0.0074462890625,
    "8": 0.0194091796875,
    "0": 0.045166015625,
    "11": 0.0009765625,
    "12": 0.0001220703125
  }
}