{
  "run_number": 19,
  "scenario": {
    "trend": "bull",
    "volatility": "high",
    "correlation": "clustered"
  },
  "n_assets": 15,
  "budget": 4,
  "approximation_ratio": 0.9496951768894247,
  "best_solution_probability": 0.0,
  "feasibility_rate": 0.1868896484375,
  "initial_feasibility_rate": 0.0716552734375,
  "circuit_depth": 7,
  "convergence_iterations": 10,
  "objective_value": 0.2073046003154389,
  "selected_assets": [
    "TECH1",
    "FIN1",
    "HEALTH1",
    "HEALTH3"
  ],
  "top_10_solutions": [
    "000000000000000",
    "000000000000111",
    "001110000000000",
    "000000000100000",
    "000000000001000",
    "000000000000100",
    "000000001000000",
    "000000000000010",
    "001110000000111",
    "000100000000000"
  ],
  "top_10_probabilities": [
    0.029541015625,
    0.012451171875,
    0.0108642578125,
    0.00927734375,
    0.00927734375,
    0.0086669921875,
    0.0086669921875,
    0.0078125,
    0.0074462890625,
    0.00732421875
  ],
  "top_10_feasible": [
    false,
    false,
    false,
    false,
    false,
    false,
    false,
    false,
    false,
    false
  ],
  "hamming_weight_distribution": {
    "8": 0.037841796875,
    "6": 0.1251220703125,
    "7": 0.06689453125,
    "4": 0.1868896484375,
    "1": 0.083984375,
    "5": 0.1627197265625,
    "3": 0.166748046875,
    "9": 0.015869140625,
    "2": 0.11767578125,
    "11": 0.0020751953125,
    "10": 0.004638671875,
    "0": 0.029541015625
  }
}