{
  "run_number": 9,
  "scenario": {
    "trend": "bull",
    "volatility": "high",
    "correlation": "clustered"
  },
  "n_assets": 15,
  "budget": 4,
  "approximation_ratio": 1.0,
  "best_solution_probability": 0.0009765625,
  "feasibility_rate": 0.184326171875,
  "initial_feasibility_rate": 0.07177734375,
  "circuit_depth": 7,
  "convergence_iterations": 15,
  "objective_value": 0.1899755362710175,
  "selected_assets": [
    "TECH1",
    "TECH2",
    "FIN2",
    "HEALTH4"
  ],
  "top_10_solutions": [
    "000000000000000",
    "000000000000111",
    "110000000000000",
    "110000000000111",
    "000000000000110",
    "000000111000000",
    "000000111000111",
    "000000010000000",
    "000000000001100",
    "000000100000000"
  ],
  "top_10_probabilities": [
    0.02392578125,
    0.0205078125,
    0.01806640625,
    0.0118408203125,
    0.0107421875,
    0.0086669921875,
    0.0086669921875,
    0.0084228515625,
    0.0076904296875,
    0.0076904296875
  ],
  "top_10_feasible": [
    false,
    false,
    false,
    false,
    false,
    false,
    false,
    false,
    false,
    false
  ],
  "hamming_weight_distribution": {
    "7": 0.072265625,
    "5": 0.1590576171875,
    "6": 0.1231689453125,
    "1": 0.0697021484375,
    "8": 0.044189453125,
    "2": 0.1175537109375,
    "3": 0.1829833984375,
    "4": 0.184326171875,
    "9": 0.017333984375,
    "10": 0.0050048828125,
    "0": 0.02392578125,
    "11": 0.00048828125
  }
}