{
  "run_number": 14,
  "scenario": {
    "trend": "bull",
    "volatility": "high",
    "correlation": "clustered"
  },
  "n_assets": 15,
  "budget": 4,
  "approximation_ratio": 1.0,
  "best_solution_probability": 0.0,
  "feasibility_rate": 0.1944580078125,
  "initial_feasibility_rate": 0.0421142578125,
  "circuit_depth": 7,
  "convergence_iterations": 17,
  "objective_value": 0.2412740934944568,
  "selected_assets": [
    "TECH2",
    "TECH4",
    "FIN5",
    "HEALTH4"
  ],
  "top_10_solutions": [
    "000000000000000",
    "000000000011000",
    "110000000000000",
    "000011000000000",
    "000000000010000",
    "000000001000000",
    "000011000011000",
    "000000000100000",
    "000000000001100",
    "000000000001000"
  ],
  "top_10_probabilities": [
    0.02197265625,
    0.0135498046875,
    0.0107421875,
    0.010498046875,
    0.0091552734375,
    0.008544921875,
    0.008056640625,
    0.0079345703125,
    0.0079345703125,
    0.0068359375
  ],
  "top_10_feasible": [
    false,
    false,
    false,
    false,
    false,
    false,
    true,
    false,
    false,
    false
  ],
  "hamming_weight_distribution": {
    "7": 0.06201171875,
    "9": 0.0120849609375,
    "5": 0.16455078125,
    "3": 0.185546875,
    "4": 0.1944580078125,
    "6": 0.1109619140625,
    "8": 0.0308837890625,
    "10": 0.00244140625,
    "1": 0.0714111328125,
    "2": 0.1429443359375,
    "0": 0.02197265625,
    "11": 0.000732421875
  }
}