{
  "run_number": 15,
  "scenario": {
    "trend": "bear",
    "volatility": "low",
    "correlation": "uncorrelated"
  },
  "n_assets": 15,
  "budget": 4,
  "approximation_ratio": 1.0,
  "best_solution_probability": 0.0,
  "feasibility_rate": 0.1966552734375,
  "initial_feasibility_rate": 0.0240478515625,
  "circuit_depth": 7,
  "convergence_iterations": 10,
  "objective_value": 0.025096189964650576,
  "selected_assets": [
    "TECH4",
    "FIN1",
    "FIN2",
    "FIN5"
  ],
  "top_10_solutions": [
    "000000000000000",
    "000000000010000",
    "000000000000100",
    "000000000001000",
    "000000000000010",
    "000000010000000",
    "000011000000000",
    "000000001100000",
    "001000000000000",
    "000000100000000"
  ],
  "top_10_probabilities": [
    0.0106201171875,
    0.0086669921875,
    0.0084228515625,
    0.00634765625,
    0.0062255859375,
    0.0050048828125,
    0.00439453125,
    0.0040283203125,
    0.0040283203125,
    0.00390625
  ],
  "top_10_feasible": [
    false,
    false,
    false,
    false,
    false,
    false,
    false,
    false,
    false,
    false
  ],
  "hamming_weight_distribution": {
    "6": 0.127197265625,
    "11": 0.0009765625,
    "3": 0.16943359375,
    "4": 0.1966552734375,
    "1": 0.057373046875,
    "2": 0.1202392578125,
    "5": 0.1756591796875,
    "7": 0.085693359375,
    "8": 0.0386962890625,
    "9": 0.013916015625,
    "10": 0.00341796875,
    "0": 0.0106201171875,
    "12": 0.0001220703125
  }
}