{
  "run_number": 16,
  "scenario": {
    "trend": "bull",
    "volatility": "low",
    "correlation": "positive"
  },
  "n_assets": 15,
  "budget": 4,
  "approximation_ratio": 1.0,
  "best_solution_probability": 0.0,
  "feasibility_rate": 0.1669921875,
  "initial_feasibility_rate": 0.023681640625,
  "circuit_depth": 7,
  "convergence_iterations": 21,
  "objective_value": 0.23717510503615588,
  "selected_assets": [
    "FIN1",
    "FIN2",
    "HEALTH3",
    "HEALTH5"
  ],
  "top_10_solutions": [
    "000000000000000",
    "000000001100000",
    "000000010000000",
    "000000000001000",
    "000100000000000",
    "000000000000010",
    "000000001000000",
    "000000000010000",
    "000000100000000",
    "000000000011000"
  ],
  "top_10_probabilities": [
    0.071533203125,
    0.01904296875,
    0.017822265625,
    0.01318359375,
    0.0120849609375,
    0.0115966796875,
    0.0115966796875,
    0.0113525390625,
    0.01123046875,
    0.0111083984375
  ],
  "top_10_feasible": [
    false,
    false,
    false,
    false,
    false,
    false,
    false,
    false,
    false,
    false
  ],
  "hamming_weight_distribution": {
    "2": 0.1895751953125,
    "5": 0.1051025390625,
    "4": 0.1669921875,
    "3": 0.208740234375,
    "1": 0.1558837890625,
    "9": 0.0023193359375,
    "7": 0.030517578125,
    "6": 0.058837890625,
    "8": 0.00927734375,
    "0": 0.071533203125,
    "10": 0.0010986328125,
    "11": 0.0001220703125
  }
}