{
  "run_number": 17,
  "scenario": {
    "trend": "bear",
    "volatility": "high",
    "correlation": "negative"
  },
  "n_assets": 15,
  "budget": 4,
  "approximation_ratio": 1.0,
  "best_solution_probability": 0.0,
  "feasibility_rate": 0.1810302734375,
  "initial_feasibility_rate": 0.029052734375,
  "circuit_depth": 7,
  "convergence_iterations": 10,
  "objective_value": 0.005931771705402784,
  "selected_assets": [
    "TECH4",
    "TECH5",
    "HEALTH2",
    "HEALTH4"
  ],
  "top_10_solutions": [
    "000000000000000",
    "000000000000100",
    "000000000011000",
    "000000000000010",
    "000000010000000",
    "000000100000000",
    "000000100000100",
    "000010000000000",
    "000000000000111",
    "000000000011100"
  ],
  "top_10_probabilities": [
    0.0074462890625,
    0.0062255859375,
    0.0042724609375,
    0.0040283203125,
    0.00390625,
    0.0032958984375,
    0.0032958984375,
    0.0030517578125,
    0.0029296875,
    0.0029296875
  ],
  "top_10_feasible": [
    false,
    false,
    false,
    false,
    false,
    false,
    false,
    false,
    false,
    false
  ],
  "hamming_weight_distribution": {
    "6": 0.1568603515625,
    "5": 0.184814453125,
    "10": 0.0103759765625,
    "3": 0.1461181640625,
    "7": 0.10888671875,
    "9": 0.0272216796875,
    "8": 0.05517578125,
    "4": 0.1810302734375,
    "2": 0.0830078125,
    "1": 0.0362548828125,
    "11": 0.0020751953125,
    "0": 0.0074462890625,
    "12": 0.000732421875
  }
}