{
  "run_number": 10,
  "scenario": {
    "trend": "bear",
    "volatility": "low",
    "correlation": "uncorrelated"
  },
  "n_assets": 15,
  "budget": 4,
  "approximation_ratio": 1.0,
  "best_solution_probability": 0.0,
  "feasibility_rate": 0.1995849609375,
  "initial_feasibility_rate": 0.035400390625,
  "circuit_depth": 7,
  "convergence_iterations": 10,
  "objective_value": 0.028450527970600936,
  "selected_assets": [
    "TECH5",
    "FIN3",
    "FIN5",
    "HEALTH1"
  ],
  "top_10_solutions": [
    "000000000000000",
    "000000000000010",
    "000000000000100",
    "000000000010000",
    "000000000000111",
    "000000000001100",
    "000100000000000",
    "000000000001000",
    "000000001000000",
    "000000000011000"
  ],
  "top_10_probabilities": [
    0.021240234375,
    0.0118408203125,
    0.0111083984375,
    0.0096435546875,
    0.009521484375,
    0.0081787109375,
    0.007080078125,
    0.0069580078125,
    0.00634765625,
    0.0059814453125
  ],
  "top_10_feasible": [
    false,
    false,
    false,
    false,
    false,
    false,
    false,
    false,
    false,
    false
  ],
  "hamming_weight_distribution": {
    "6": 0.10302734375,
    "5": 0.160888671875,
    "8": 0.0296630859375,
    "3": 0.1893310546875,
    "7": 0.05615234375,
    "4": 0.1995849609375,
    "2": 0.1505126953125,
    "1": 0.0780029296875,
    "9": 0.008056640625,
    "0": 0.021240234375,
    "10": 0.00244140625,
    "12": 0.000244140625,
    "11": 0.0008544921875
  }
}