{
  "run_number": 3,
  "scenario": {
    "trend": "neutral",
    "volatility": "medium",
    "correlation": "mixed"
  },
  "n_assets": 15,
  "budget": 4,
  "approximation_ratio": 0.9864330035697928,
  "best_solution_probability": 0.0,
  "feasibility_rate": 0.171875,
  "initial_feasibility_rate": 0.0316162109375,
  "circuit_depth": 7,
  "convergence_iterations": 50,
  "objective_value": 0.11521270021065788,
  "selected_assets": [
    "TECH2",
    "TECH5",
    "HEALTH3",
    "HEALTH4"
  ],
  "top_10_solutions": [
    "000000000000000",
    "000000000100000",
    "000000000000100",
    "000000000000010",
    "000000001000000",
    "000000000001100",
    "000000000000111",
    "000010000000000",
    "000000000011000",
    "000000000000011"
  ],
  "top_10_probabilities": [
    0.0555419921875,
    0.016357421875,
    0.015380859375,
    0.0152587890625,
    0.014404296875,
    0.0126953125,
    0.0123291015625,
    0.011962890625,
    0.0113525390625,
    0.0101318359375
  ],
  "top_10_feasible": [
    false,
    false,
    false,
    false,
    false,
    false,
    false,
    false,
    false,
    false
  ],
  "hamming_weight_distribution": {
    "6": 0.0638427734375,
    "5": 0.1148681640625,
    "3": 0.2052001953125,
    "4": 0.171875,
    "8": 0.0108642578125,
    "2": 0.201904296875,
    "0": 0.0555419921875,
    "1": 0.13818359375,
    "7": 0.030517578125,
    "9": 0.0057373046875,
    "10": 0.0008544921875,
    "11": 0.0006103515625
  }
}