{
  "run_number": 2,
  "scenario": {
    "trend": "bear",
    "volatility": "high",
    "correlation": "negative"
  },
  "n_assets": 15,
  "budget": 4,
  "approximation_ratio": 0.0,
  "best_solution_probability": 0.0,
  "feasibility_rate": 0.1904296875,
  "initial_feasibility_rate": 0.034423828125,
  "circuit_depth": 7,
  "convergence_iterations": 49,
  "objective_value": -0.008603312344736557,
  "selected_assets": [
    "TECH3",
    "FIN2",
    "FIN3",
    "HEALTH2"
  ],
  "top_10_solutions": [
    "000000000000000",
    "110000000000000",
    "111000000000000",
    "110001000000000",
    "000001000000000",
    "000000000000011",
    "000000000000010",
    "000000000000110",
    "000000001000000",
    "000010000000000"
  ],
  "top_10_probabilities": [
    0.00537109375,
    0.00439453125,
    0.00341796875,
    0.003173828125,
    0.003173828125,
    0.0029296875,
    0.0029296875,
    0.0028076171875,
    0.002685546875,
    0.002685546875
  ],
  "top_10_feasible": [
    false,
    false,
    false,
    false,
    false,
    false,
    false,
    false,
    false,
    false
  ],
  "hamming_weight_distribution": {
    "6": 0.167724609375,
    "7": 0.10693359375,
    "3": 0.144287109375,
    "5": 0.19384765625,
    "4": 0.1904296875,
    "2": 0.07373046875,
    "8": 0.058837890625,
    "9": 0.0196533203125,
    "1": 0.0296630859375,
    "11": 0.0013427734375,
    "10": 0.008056640625,
    "0": 0.00537109375,
    "12": 0.0001220703125
  }
}