{
  "tickers": [
    "CL",
    "SCHW",
    "TMO",
    "TGT",
    "ADBE",
    "NVDA",
    "CRM",
    "SYK",
    "EMR",
    "C",
    "LRCX",
    "MA",
    "VZ",
    "DUK",
    "MRK",
    "WFC",
    "ICE",
    "AMD",
    "PFE",
    "GILD"
  ],
  "classical": {
    "solution": [
      0.0,
      0.0,
      1.0,
      0.0,
      1.0,
      0.0,
      0.0,
      0.0,
      1.0,
      0.0,
      0.0,
      0.0,
      1.0,
      0.0,
      0.0,
      0.0,
      0.0,
      0.0,
      0.0,
      1.0
    ],
    "value": 0.20791612885374489,
    "metrics": {
      "return": 0.2179619201774956,
      "risk": 0.18299172407289097,
      "sharpe": 1.0818080499566285
    },
    "selected_assets": [
      "TMO",
      "ADBE",
      "EMR",
      "VZ",
      "GILD"
    ]
  },
  "warmstart": {
    "solution": [
      0.0,
      0.0,
      1.0,
      0.0,
      1.0,
      0.0,
      0.0,
      0.0,
      1.0,
      0.0,
      0.0,
      0.0,
      1.0,
      0.0,
      0.0,
      0.0,
      0.0,
      0.0,
      0.0,
      1.0
    ],
    "value": 0.20791612885374489,
    "metrics": {
      "return": 0.2179619201774956,
      "risk": 0.18299172407289097,
      "sharpe": 1.0818080499566285
    },
    "time": 4.687881212754203,
    "probability": 0.21149137182363328,
    "selected_assets": [
      "TMO",
      "ADBE",
      "EMR",
      "VZ",
      "GILD"
    ]
  },
  "standard": {
    "solution": [
      1.0,
      0.0,
      0.0,
      1.0,
      0.0,
      0.0,
      0.0,
      0.0,
      0.0,
      1.0,
      1.0,
      0.0,
      0.0,
      0.0,
      0.0,
      0.0,
      0.0,
      0.0,
      1.0,
      0.0
    ],
    "value": 0.12753407991944354,
    "metrics": {
      "return": 0.1359706186519099,
      "risk": 0.16769554488682134,
      "sharpe": 0.691554559366375
    },
    "time": 11.780462032796336,
    "probability": 0.09584845717375695,
    "selected_assets": [
      "CL",
      "TGT",
      "C",
      "LRCX",
      "PFE"
    ]
  },
  "improvement": {
    "value_improvement": 63.02789731581894,
    "speedup": 2.5129608661468477,
    "probability_improvement": 2.2065182691489276
  }
}