{
  "tickers": [
    "GE",
    "COF",
    "REGN",
    "MU",
    "PEP",
    "TSLA",
    "BSX",
    "ADBE",
    "ABBV",
    "KLAC",
    "META",
    "UPS",
    "HD",
    "SPGI",
    "GILD",
    "NFLX",
    "XOM",
    "K",
    "EL",
    "INTC"
  ],
  "classical": {
    "solution": [
      0.0,
      1.0,
      0.0,
      0.0,
      0.0,
      1.0,
      1.0,
      0.0,
      0.0,
      1.0,
      0.0,
      0.0,
      0.0,
      0.0,
      0.0,
      0.0,
      0.0,
      0.0,
      1.0,
      0.0
    ],
    "value": 0.1928530841318168,
    "metrics": {
      "return": 0.20583459163401582,
      "risk": 0.16113042854904241,
      "sharpe": 1.153317801655659
    },
    "selected_assets": [
      "COF",
      "TSLA",
      "BSX",
      "KLAC",
      "EL"
    ]
  },
  "warmstart": {
    "solution": [
      0.0,
      1.0,
      0.0,
      0.0,
      0.0,
      1.0,
      1.0,
      1.0,
      0.0,
      0.0,
      0.0,
      0.0,
      0.0,
      0.0,
      0.0,
      0.0,
      0.0,
      0.0,
      1.0,
      0.0
    ],
    "value": 0.19991712049482724,
    "metrics": {
      "return": 0.20939386420088738,
      "risk": 0.13767166524786528,
      "sharpe": 1.3756924045329226
    },
    "time": 5.519615712465744,
    "probability": 0.165839997172015,
    "selected_assets": [
      "COF",
      "TSLA",
      "BSX",
      "ADBE",
      "EL"
    ]
  },
  "standard": {
    "solution": [
      0.0,
      0.0,
      0.0,
      1.0,
      0.0,
      1.0,
      1.0,
      0.0,
      1.0,
      0.0,
      0.0,
      0.0,
      1.0,
      0.0,
      0.0,
      0.0,
      0.0,
      0.0,
      0.0,
      0.0
    ],
    "value": 0.15094498093147968,
    "metrics": {
      "return": 0.17518774871111006,
      "risk": 0.22019431318556068,
      "sharpe": 0.7047763698617016
    },
    "time": 11.888529631278915,
    "probability": 0.0824726134494965,
    "selected_assets": [
      "MU",
      "TSLA",
      "BSX",
      "ABBV",
      "HD"
    ]
  },
  "improvement": {
    "value_improvement": 32.44370184496435,
    "speedup": 2.1538690826662688,
    "probability_improvement": 2.0108493017936184
  }
}