{
  "tickers": [
    "ZTS",
    "LMT",
    "V",
    "CVS",
    "MCHP",
    "MMM",
    "VZ",
    "T",
    "SBUX",
    "PEP",
    "BLK",
    "AMGN",
    "MDT",
    "WMT",
    "EOG",
    "NEE",
    "TSLA",
    "ICE",
    "CSCO",
    "GIS"
  ],
  "classical": {
    "solution": [
      0.0,
      0.0,
      0.0,
      0.0,
      1.0,
      1.0,
      0.0,
      0.0,
      0.0,
      1.0,
      1.0,
      0.0,
      0.0,
      0.0,
      0.0,
      0.0,
      0.0,
      1.0,
      0.0,
      0.0
    ],
    "value": 0.18800069524179855,
    "metrics": {
      "return": 0.210561253634855,
      "risk": 0.21241731752875728,
      "sharpe": 0.8971078999199612
    },
    "selected_assets": [
      "MCHP",
      "MMM",
      "PEP",
      "BLK",
      "ICE"
    ]
  },
  "warmstart": {
    "solution": [
      1.0,
      0.0,
      0.0,
      0.0,
      0.0,
      1.0,
      0.0,
      0.0,
      0.0,
      1.0,
      1.0,
      0.0,
      0.0,
      0.0,
      0.0,
      0.0,
      0.0,
      1.0,
      0.0,
      0.0
    ],
    "value": 0.15215236479370708,
    "metrics": {
      "return": 0.1767531662984783,
      "risk": 0.22181434356132695,
      "sharpe": 0.7066863385917123
    },
    "time": 5.518255199464059,
    "probability": 0.17435786389881533,
    "selected_assets": [
      "ZTS",
      "MMM",
      "PEP",
      "BLK",
      "ICE"
    ]
  },
  "standard": {
    "solution": [
      0.0,
      1.0,
      1.0,
      0.0,
      0.0,
      1.0,
      0.0,
      0.0,
      1.0,
      0.0,
      0.0,
      1.0,
      0.0,
      0.0,
      0.0,
      0.0,
      0.0,
      0.0,
      0.0,
      0.0
    ],
    "value": 0.11275685912851219,
    "metrics": {
      "return": 0.12842324848667405,
      "risk": 0.17701067401804826,
      "sharpe": 0.612523787552038
    },
    "time": 10.378769342905699,
    "probability": 0.07035636852321363,
    "selected_assets": [
      "LMT",
      "V",
      "MMM",
      "SBUX",
      "AMGN"
    ]
  },
  "improvement": {
    "value_improvement": 34.93845604576013,
    "speedup": 1.8808063360160834,
    "probability_improvement": 2.4782101117297874
  }
}