{
  "tickers": [
    "HON",
    "EMR",
    "RTX",
    "PEP",
    "MDLZ",
    "PNC",
    "NEE",
    "TMO",
    "AXP",
    "LMT",
    "TFC",
    "COF",
    "KO",
    "JNJ",
    "SO",
    "MRK",
    "DE",
    "MDT",
    "T",
    "MCD"
  ],
  "classical": {
    "solution": [
      0.0,
      0.0,
      0.0,
      0.0,
      0.0,
      0.0,
      0.0,
      1.0,
      0.0,
      1.0,
      0.0,
      0.0,
      1.0,
      0.0,
      0.0,
      1.0,
      0.0,
      1.0,
      0.0,
      0.0
    ],
    "value": 0.1994923125921256,
    "metrics": {
      "return": 0.21643359281605104,
      "risk": 0.18407216098001047,
      "sharpe": 1.0671553578239514
    },
    "selected_assets": [
      "TMO",
      "LMT",
      "KO",
      "MRK",
      "MDT"
    ]
  },
  "warmstart": {
    "solution": [
      0.0,
      0.0,
      0.0,
      0.0,
      0.0,
      0.0,
      0.0,
      1.0,
      0.0,
      1.0,
      0.0,
      0.0,
      1.0,
      0.0,
      0.0,
      1.0,
      0.0,
      1.0,
      0.0,
      0.0
    ],
    "value": 0.1994923125921256,
    "metrics": {
      "return": 0.21643359281605104,
      "risk": 0.18407216098001047,
      "sharpe": 1.0671553578239514
    },
    "time": 6.617715020212999,
    "probability": 0.20904522817082916,
    "selected_assets": [
      "TMO",
      "LMT",
      "KO",
      "MRK",
      "MDT"
    ]
  },
  "standard": {
    "solution": [
      0.0,
      0.0,
      0.0,
      0.0,
      0.0,
      0.0,
      0.0,
      0.0,
      0.0,
      0.0,
      1.0,
      1.0,
      0.0,
      0.0,
      0.0,
      1.0,
      1.0,
      0.0,
      0.0,
      1.0
    ],
    "value": 0.13636100270514348,
    "metrics": {
      "return": 0.1514045951367502,
      "risk": 0.17345657918687735,
      "sharpe": 0.7575647793398399
    },
    "time": 8.267046170147006,
    "probability": 0.10094045555559208,
    "selected_assets": [
      "TFC",
      "COF",
      "MRK",
      "DE",
      "MCD"
    ]
  },
  "improvement": {
    "value_improvement": 46.29718807765912,
    "speedup": 1.2492297031371595,
    "probability_improvement": 2.0709756759092426
  }
}