{
  "tickers": [
    "NVDA",
    "AXP",
    "HON",
    "K",
    "GILD",
    "PYPL",
    "T",
    "V",
    "SYK",
    "JPM",
    "MCD",
    "CSCO",
    "LOW",
    "MU",
    "MCHP",
    "GOOGL",
    "ABT",
    "DHR",
    "ADI",
    "META"
  ],
  "classical": {
    "solution": [
      0.0,
      0.0,
      0.0,
      0.0,
      0.0,
      0.0,
      1.0,
      1.0,
      0.0,
      1.0,
      0.0,
      0.0,
      1.0,
      0.0,
      1.0,
      0.0,
      0.0,
      0.0,
      0.0,
      0.0
    ],
    "value": 0.19530554309262707,
    "metrics": {
      "return": 0.2089385685601881,
      "risk": 0.1651243499158197,
      "sharpe": 1.1442199085507916
    },
    "selected_assets": [
      "T",
      "V",
      "JPM",
      "LOW",
      "MCHP"
    ]
  },
  "warmstart": {
    "solution": [
      0.0,
      0.0,
      0.0,
      0.0,
      0.0,
      0.0,
      1.0,
      0.0,
      0.0,
      1.0,
      0.0,
      0.0,
      1.0,
      0.0,
      0.0,
      1.0,
      1.0,
      0.0,
      0.0,
      0.0
    ],
    "value": 0.16231845531495137,
    "metrics": {
      "return": 0.18388211612476518,
      "risk": 0.20767118630091078,
      "sharpe": 0.7891422928903761
    },
    "time": 6.741295473807308,
    "probability": 0.18909727203916266,
    "selected_assets": [
      "T",
      "JPM",
      "LOW",
      "GOOGL",
      "ABT"
    ]
  },
  "standard": {
    "solution": [
      0.0,
      1.0,
      0.0,
      0.0,
      0.0,
      1.0,
      0.0,
      0.0,
      0.0,
      0.0,
      0.0,
      0.0,
      1.0,
      0.0,
      0.0,
      0.0,
      0.0,
      1.0,
      1.0,
      0.0
    ],
    "value": 0.10448144410804484,
    "metrics": {
      "return": 0.12982798517532268,
      "risk": 0.22515124280037999,
      "sharpe": 0.48779648652748775
    },
    "time": 8.451748838457476,
    "probability": 0.11528304833521155,
    "selected_assets": [
      "AXP",
      "PYPL",
      "LOW",
      "DHR",
      "ADI"
    ]
  },
  "improvement": {
    "value_improvement": 55.35625172551879,
    "speedup": 1.253727695410471,
    "probability_improvement": 1.6402868831965611
  }
}