{
  "tickers": [
    "HON",
    "EMR",
    "RTX",
    "PEP",
    "MDLZ",
    "PNC",
    "NEE",
    "TMO",
    "AXP",
    "LMT",
    "TFC",
    "COF",
    "KO",
    "JNJ",
    "SO",
    "MRK",
    "DE",
    "MDT",
    "T",
    "MCD"
  ],
  "classical": {
    "solution": [
      0.0,
      0.0,
      0.0,
      0.0,
      0.0,
      0.0,
      0.0,
      1.0,
      0.0,
      1.0,
      0.0,
      0.0,
      1.0,
      0.0,
      0.0,
      1.0,
      0.0,
      1.0,
      0.0,
      0.0
    ],
    "value": 0.20626882468169577,
    "metrics": {
      "return": 0.21643359281605104,
      "risk": 0.18407216098001047,
      "sharpe": 1.0671553578239514
    },
    "selected_assets": [
      "TMO",
      "LMT",
      "KO",
      "MRK",
      "MDT"
    ]
  },
  "warmstart": {
    "solution": [
      0.0,
      0.0,
      0.0,
      0.0,
      0.0,
      0.0,
      0.0,
      1.0,
      0.0,
      1.0,
      0.0,
      0.0,
      1.0,
      0.0,
      0.0,
      1.0,
      0.0,
      1.0,
      0.0,
      0.0
    ],
    "value": 0.20626882468169577,
    "metrics": {
      "return": 0.21643359281605104,
      "risk": 0.18407216098001047,
      "sharpe": 1.0671553578239514
    },
    "time": 6.6529691424956585,
    "probability": 0.18060678298357424,
    "selected_assets": [
      "TMO",
      "LMT",
      "KO",
      "MRK",
      "MDT"
    ]
  },
  "standard": {
    "solution": [
      0.0,
      0.0,
      0.0,
      0.0,
      1.0,
      0.0,
      1.0,
      1.0,
      0.0,
      0.0,
      0.0,
      0.0,
      0.0,
      0.0,
      0.0,
      0.0,
      0.0,
      1.0,
      0.0,
      1.0
    ],
    "value": 0.152508309516445,
    "metrics": {
      "return": 0.15933966732577431,
      "risk": 0.1509012680455812,
      "sharpe": 0.9233830114912316
    },
    "time": 10.352949395362462,
    "probability": 0.05564399063904982,
    "selected_assets": [
      "MDLZ",
      "NEE",
      "TMO",
      "MDT",
      "MCD"
    ]
  },
  "improvement": {
    "value_improvement": 35.250876057644426,
    "speedup": 1.556139698474367,
    "probability_improvement": 3.2457553980110854
  }
}