{
  "tickers": [
    "CRM",
    "BAC",
    "PYPL",
    "TXN",
    "LRCX",
    "SYK",
    "AXP",
    "COF",
    "V",
    "GILD",
    "SCHW",
    "CME",
    "ICE",
    "T",
    "BSX",
    "KLAC",
    "BLK",
    "COST",
    "CB",
    "GS"
  ],
  "classical": {
    "solution": [
      0.0,
      0.0,
      0.0,
      0.0,
      0.0,
      0.0,
      1.0,
      1.0,
      0.0,
      0.0,
      0.0,
      1.0,
      0.0,
      0.0,
      0.0,
      0.0,
      1.0,
      1.0,
      0.0,
      0.0
    ],
    "value": 0.20826028213782585,
    "metrics": {
      "return": 0.22284600077230815,
      "risk": 0.22049730636663342,
      "sharpe": 0.9199477495431376
    },
    "selected_assets": [
      "AXP",
      "COF",
      "CME",
      "BLK",
      "COST"
    ]
  },
  "warmstart": {
    "solution": [
      0.0,
      0.0,
      0.0,
      0.0,
      0.0,
      0.0,
      1.0,
      1.0,
      0.0,
      0.0,
      0.0,
      1.0,
      0.0,
      0.0,
      0.0,
      0.0,
      1.0,
      1.0,
      0.0,
      0.0
    ],
    "value": 0.20826028213782585,
    "metrics": {
      "return": 0.22284600077230815,
      "risk": 0.22049730636663342,
      "sharpe": 0.9199477495431376
    },
    "time": 6.558297292646246,
    "probability": 0.22855498895794218,
    "selected_assets": [
      "AXP",
      "COF",
      "CME",
      "BLK",
      "COST"
    ]
  },
  "standard": {
    "solution": [
      0.0,
      0.0,
      0.0,
      1.0,
      0.0,
      0.0,
      0.0,
      0.0,
      0.0,
      0.0,
      1.0,
      0.0,
      0.0,
      1.0,
      0.0,
      0.0,
      0.0,
      0.0,
      1.0,
      1.0
    ],
    "value": 0.12462282066921178,
    "metrics": {
      "return": 0.1372950830842225,
      "risk": 0.20552584926646678,
      "sharpe": 0.5707072054578789
    },
    "time": 10.705584328386362,
    "probability": 0.054633840267497666,
    "selected_assets": [
      "TXN",
      "SCHW",
      "T",
      "CB",
      "GS"
    ]
  },
  "improvement": {
    "value_improvement": 67.11247668724674,
    "speedup": 1.6323725276056678,
    "probability_improvement": 4.183396002164474
  }
}