{
  "tickers": [
    "CRM",
    "BAC",
    "PYPL",
    "TXN",
    "LRCX",
    "SYK",
    "AXP",
    "COF",
    "V",
    "GILD",
    "SCHW",
    "CME",
    "ICE",
    "T",
    "BSX",
    "KLAC",
    "BLK",
    "COST",
    "CB",
    "GS"
  ],
  "classical": {
    "solution": [
      0.0,
      0.0,
      0.0,
      0.0,
      0.0,
      0.0,
      1.0,
      1.0,
      0.0,
      0.0,
      0.0,
      1.0,
      0.0,
      0.0,
      0.0,
      0.0,
      1.0,
      1.0,
      0.0,
      0.0
    ],
    "value": 0.19853646971483765,
    "metrics": {
      "return": 0.22284600077230815,
      "risk": 0.22049730636663342,
      "sharpe": 0.9199477495431376
    },
    "selected_assets": [
      "AXP",
      "COF",
      "CME",
      "BLK",
      "COST"
    ]
  },
  "warmstart": {
    "solution": [
      0.0,
      0.0,
      0.0,
      0.0,
      0.0,
      0.0,
      1.0,
      0.0,
      0.0,
      0.0,
      0.0,
      1.0,
      1.0,
      0.0,
      0.0,
      0.0,
      1.0,
      1.0,
      0.0,
      0.0
    ],
    "value": 0.17180894374315442,
    "metrics": {
      "return": 0.19348083736100705,
      "risk": 0.2081917078937229,
      "sharpe": 0.8332744810833919
    },
    "time": 5.262285531161076,
    "probability": 0.15400957378504626,
    "selected_assets": [
      "AXP",
      "CME",
      "ICE",
      "BLK",
      "COST"
    ]
  },
  "standard": {
    "solution": [
      0.0,
      1.0,
      0.0,
      0.0,
      0.0,
      0.0,
      1.0,
      0.0,
      0.0,
      0.0,
      0.0,
      0.0,
      0.0,
      0.0,
      0.0,
      1.0,
      1.0,
      0.0,
      1.0,
      0.0
    ],
    "value": 0.16208290733008038,
    "metrics": {
      "return": 0.1919506405902846,
      "risk": 0.2444084010839407,
      "sharpe": 0.7035381755606229
    },
    "time": 9.522118460941945,
    "probability": 0.09351138773973125,
    "selected_assets": [
      "BAC",
      "AXP",
      "KLAC",
      "BLK",
      "CB"
    ]
  },
  "improvement": {
    "value_improvement": 6.000655203739068,
    "speedup": 1.809502430941062,
    "probability_improvement": 1.6469606270168788
  }
}