{
  "tickers": [
    "GE",
    "LRCX",
    "CME",
    "WMT",
    "DHR",
    "RTX",
    "SBUX",
    "K",
    "BMY",
    "GIS",
    "SLB",
    "PNC",
    "TXN",
    "MMM",
    "UNH",
    "CAT",
    "VZ",
    "KO",
    "TMO",
    "ICE"
  ],
  "classical": {
    "solution": [
      1.0,
      0.0,
      1.0,
      1.0,
      0.0,
      0.0,
      0.0,
      0.0,
      0.0,
      0.0,
      0.0,
      0.0,
      0.0,
      0.0,
      1.0,
      1.0,
      0.0,
      0.0,
      0.0,
      0.0
    ],
    "value": 0.21732305288319903,
    "metrics": {
      "return": 0.22394265352838633,
      "risk": 0.1485440523345099,
      "sharpe": 1.3729439201586005
    },
    "selected_assets": [
      "GE",
      "CME",
      "WMT",
      "UNH",
      "CAT"
    ]
  },
  "warmstart": {
    "solution": [
      1.0,
      0.0,
      1.0,
      1.0,
      0.0,
      0.0,
      0.0,
      0.0,
      0.0,
      0.0,
      0.0,
      0.0,
      0.0,
      0.0,
      1.0,
      1.0,
      0.0,
      0.0,
      0.0,
      0.0
    ],
    "value": 0.21732305288319903,
    "metrics": {
      "return": 0.22394265352838633,
      "risk": 0.1485440523345099,
      "sharpe": 1.3729439201586005
    },
    "time": 6.0425284344188634,
    "probability": 0.2391659969579554,
    "selected_assets": [
      "GE",
      "CME",
      "WMT",
      "UNH",
      "CAT"
    ]
  },
  "standard": {
    "solution": [
      0.0,
      0.0,
      0.0,
      1.0,
      0.0,
      0.0,
      1.0,
      0.0,
      1.0,
      0.0,
      0.0,
      0.0,
      0.0,
      0.0,
      0.0,
      0.0,
      0.0,
      1.0,
      1.0,
      0.0
    ],
    "value": 0.15945302165554864,
    "metrics": {
      "return": 0.1707576537563732,
      "risk": 0.19411879610884802,
      "sharpe": 0.7766257404143339
    },
    "time": 11.744987229866194,
    "probability": 0.11873343204437085,
    "selected_assets": [
      "WMT",
      "SBUX",
      "BMY",
      "KO",
      "TMO"
    ]
  },
  "improvement": {
    "value_improvement": 36.29284075447725,
    "speedup": 1.943720639023482,
    "probability_improvement": 2.0143104839130626
  }
}