{
  "tickers": [
    "GE",
    "COF",
    "REGN",
    "MU",
    "PEP",
    "TSLA",
    "BSX",
    "ADBE",
    "ABBV",
    "KLAC",
    "META",
    "UPS",
    "HD",
    "SPGI",
    "GILD",
    "NFLX",
    "XOM",
    "K",
    "EL",
    "INTC"
  ],
  "classical": {
    "solution": [
      0.0,
      1.0,
      0.0,
      0.0,
      0.0,
      1.0,
      1.0,
      0.0,
      0.0,
      1.0,
      0.0,
      0.0,
      0.0,
      0.0,
      0.0,
      0.0,
      0.0,
      0.0,
      1.0,
      0.0
    ],
    "value": 0.1980456871326964,
    "metrics": {
      "return": 0.20583459163401582,
      "risk": 0.16113042854904241,
      "sharpe": 1.153317801655659
    },
    "selected_assets": [
      "COF",
      "TSLA",
      "BSX",
      "KLAC",
      "EL"
    ]
  },
  "warmstart": {
    "solution": [
      0.0,
      1.0,
      0.0,
      0.0,
      0.0,
      1.0,
      1.0,
      0.0,
      0.0,
      1.0,
      0.0,
      0.0,
      0.0,
      0.0,
      0.0,
      0.0,
      0.0,
      0.0,
      1.0,
      0.0
    ],
    "value": 0.1980456871326964,
    "metrics": {
      "return": 0.20583459163401582,
      "risk": 0.16113042854904241,
      "sharpe": 1.153317801655659
    },
    "time": 4.273722776294899,
    "probability": 0.23808697755666383,
    "selected_assets": [
      "COF",
      "TSLA",
      "BSX",
      "KLAC",
      "EL"
    ]
  },
  "standard": {
    "solution": [
      0.0,
      1.0,
      0.0,
      1.0,
      0.0,
      0.0,
      0.0,
      0.0,
      0.0,
      0.0,
      0.0,
      0.0,
      0.0,
      1.0,
      1.0,
      1.0,
      0.0,
      0.0,
      0.0,
      0.0
    ],
    "value": 0.16617049110837287,
    "metrics": {
      "return": 0.17954477615847014,
      "risk": 0.21114201421552958,
      "sharpe": 0.7556278022222995
    },
    "time": 9.075059948473001,
    "probability": 0.10065507471655713,
    "selected_assets": [
      "COF",
      "MU",
      "SPGI",
      "GILD",
      "NFLX"
    ]
  },
  "improvement": {
    "value_improvement": 19.18222411916398,
    "speedup": 2.123455456402022,
    "probability_improvement": 2.3653748032785478
  }
}