{
  "tickers": [
    "CL",
    "SCHW",
    "TMO",
    "TGT",
    "ADBE",
    "NVDA",
    "CRM",
    "SYK",
    "EMR",
    "C",
    "LRCX",
    "MA",
    "VZ",
    "DUK",
    "MRK",
    "WFC",
    "ICE",
    "AMD",
    "PFE",
    "GILD"
  ],
  "classical": {
    "solution": [
      0.0,
      0.0,
      1.0,
      0.0,
      1.0,
      0.0,
      0.0,
      0.0,
      1.0,
      0.0,
      0.0,
      0.0,
      1.0,
      0.0,
      0.0,
      0.0,
      0.0,
      0.0,
      0.0,
      1.0
    ],
    "value": 0.20121893463791107,
    "metrics": {
      "return": 0.2179619201774956,
      "risk": 0.18299172407289097,
      "sharpe": 1.0818080499566285
    },
    "selected_assets": [
      "TMO",
      "ADBE",
      "EMR",
      "VZ",
      "GILD"
    ]
  },
  "warmstart": {
    "solution": [
      0.0,
      0.0,
      0.0,
      0.0,
      1.0,
      0.0,
      0.0,
      0.0,
      1.0,
      0.0,
      0.0,
      0.0,
      1.0,
      1.0,
      0.0,
      0.0,
      0.0,
      0.0,
      0.0,
      1.0
    ],
    "value": 0.1803961201429013,
    "metrics": {
      "return": 0.1968827881937089,
      "risk": 0.18158561645024426,
      "sharpe": 0.9741013173374118
    },
    "time": 6.886002485298799,
    "probability": 0.2038838085263059,
    "selected_assets": [
      "ADBE",
      "EMR",
      "VZ",
      "DUK",
      "GILD"
    ]
  },
  "standard": {
    "solution": [
      1.0,
      0.0,
      0.0,
      0.0,
      0.0,
      0.0,
      1.0,
      0.0,
      0.0,
      0.0,
      1.0,
      0.0,
      1.0,
      0.0,
      1.0,
      0.0,
      0.0,
      0.0,
      0.0,
      0.0
    ],
    "value": 0.1561439892438731,
    "metrics": {
      "return": 0.17589746403586226,
      "risk": 0.19876355195049797,
      "sharpe": 0.7843362754690987
    },
    "time": 9.674655561283,
    "probability": 0.10297451238462071,
    "selected_assets": [
      "CL",
      "CRM",
      "LRCX",
      "VZ",
      "MRK"
    ]
  },
  "improvement": {
    "value_improvement": 15.53190168668617,
    "speedup": 1.4049741605434805,
    "probability_improvement": 1.9799443940533388
  }
}