{
  "tickers": [
    "ICE",
    "LRCX",
    "SO",
    "GILD",
    "SBUX",
    "NKE",
    "REGN",
    "BAC",
    "TMO",
    "SLB",
    "NVDA",
    "CSCO",
    "CL",
    "QCOM",
    "CME",
    "AVGO",
    "TFC",
    "K",
    "EL",
    "LOW"
  ],
  "classical": {
    "solution": [
      0.0,
      0.0,
      1.0,
      1.0,
      0.0,
      0.0,
      0.0,
      1.0,
      0.0,
      1.0,
      0.0,
      0.0,
      0.0,
      0.0,
      0.0,
      0.0,
      0.0,
      0.0,
      1.0,
      0.0
    ],
    "value": 0.2244737585184439,
    "metrics": {
      "return": 0.23516281034970332,
      "risk": 0.18875956338915592,
      "sharpe": 1.1398776649324684
    },
    "selected_assets": [
      "SO",
      "GILD",
      "BAC",
      "SLB",
      "EL"
    ]
  },
  "warmstart": {
    "solution": [
      0.0,
      0.0,
      1.0,
      1.0,
      0.0,
      0.0,
      0.0,
      1.0,
      0.0,
      1.0,
      0.0,
      0.0,
      0.0,
      0.0,
      0.0,
      0.0,
      0.0,
      0.0,
      1.0,
      0.0
    ],
    "value": 0.2244737585184439,
    "metrics": {
      "return": 0.23516281034970332,
      "risk": 0.18875956338915592,
      "sharpe": 1.1398776649324684
    },
    "time": 5.233266978057467,
    "probability": 0.15311660480986014,
    "selected_assets": [
      "SO",
      "GILD",
      "BAC",
      "SLB",
      "EL"
    ]
  },
  "standard": {
    "solution": [
      1.0,
      0.0,
      1.0,
      0.0,
      0.0,
      0.0,
      0.0,
      0.0,
      0.0,
      1.0,
      1.0,
      0.0,
      0.0,
      0.0,
      0.0,
      0.0,
      0.0,
      0.0,
      1.0,
      0.0
    ],
    "value": 0.19174774750070414,
    "metrics": {
      "return": 0.19960293243404362,
      "risk": 0.16181455366498496,
      "sharpe": 1.1099306481782045
    },
    "time": 8.548176895116866,
    "probability": 0.08578156244968896,
    "selected_assets": [
      "ICE",
      "SO",
      "SLB",
      "NVDA",
      "EL"
    ]
  },
  "improvement": {
    "value_improvement": 17.067220577190653,
    "speedup": 1.633430308631007,
    "probability_improvement": 1.78495938331344
  }
}