{
  "tickers": [
    "NVDA",
    "AXP",
    "HON",
    "K",
    "GILD",
    "PYPL",
    "T",
    "V",
    "SYK",
    "JPM",
    "MCD",
    "CSCO",
    "LOW",
    "MU",
    "MCHP",
    "GOOGL",
    "ABT",
    "DHR",
    "ADI",
    "META"
  ],
  "classical": {
    "solution": [
      0.0,
      0.0,
      0.0,
      0.0,
      0.0,
      0.0,
      1.0,
      1.0,
      0.0,
      1.0,
      0.0,
      0.0,
      1.0,
      0.0,
      1.0,
      0.0,
      0.0,
      0.0,
      0.0,
      0.0
    ],
    "value": 0.18985233290560266,
    "metrics": {
      "return": 0.2089385685601881,
      "risk": 0.1651243499158197,
      "sharpe": 1.1442199085507916
    },
    "selected_assets": [
      "T",
      "V",
      "JPM",
      "LOW",
      "MCHP"
    ]
  },
  "warmstart": {
    "solution": [
      0.0,
      0.0,
      0.0,
      0.0,
      0.0,
      0.0,
      1.0,
      1.0,
      0.0,
      1.0,
      0.0,
      0.0,
      1.0,
      0.0,
      1.0,
      0.0,
      0.0,
      0.0,
      0.0,
      0.0
    ],
    "value": 0.18985233290560266,
    "metrics": {
      "return": 0.2089385685601881,
      "risk": 0.1651243499158197,
      "sharpe": 1.1442199085507916
    },
    "time": 6.367364555600462,
    "probability": 0.23535505868418366,
    "selected_assets": [
      "T",
      "V",
      "JPM",
      "LOW",
      "MCHP"
    ]
  },
  "standard": {
    "solution": [
      0.0,
      0.0,
      0.0,
      0.0,
      0.0,
      1.0,
      1.0,
      0.0,
      1.0,
      0.0,
      0.0,
      0.0,
      0.0,
      0.0,
      0.0,
      1.0,
      0.0,
      0.0,
      0.0,
      1.0
    ],
    "value": 0.13694722158031136,
    "metrics": {
      "return": 0.16604140107342721,
      "risk": 0.20387033516819963,
      "sharpe": 0.7163445380758232
    },
    "time": 11.411293360903768,
    "probability": 0.07050076226868168,
    "selected_assets": [
      "PYPL",
      "T",
      "SYK",
      "GOOGL",
      "META"
    ]
  },
  "improvement": {
    "value_improvement": 38.6317522289166,
    "speedup": 1.792153293762155,
    "probability_improvement": 3.338333531589837
  }
}