{
  "tickers": [
    "GE",
    "LRCX",
    "CME",
    "WMT",
    "DHR",
    "RTX",
    "SBUX",
    "K",
    "BMY",
    "GIS",
    "SLB",
    "PNC",
    "TXN",
    "MMM",
    "UNH",
    "CAT",
    "VZ",
    "KO",
    "TMO",
    "ICE"
  ],
  "classical": {
    "solution": [
      1.0,
      0.0,
      1.0,
      1.0,
      0.0,
      0.0,
      0.0,
      0.0,
      0.0,
      0.0,
      0.0,
      0.0,
      0.0,
      0.0,
      1.0,
      0.0,
      0.0,
      0.0,
      0.0,
      1.0
    ],
    "value": 0.19823581274686883,
    "metrics": {
      "return": 0.21120454278553494,
      "risk": 0.13611303096358712,
      "sharpe": 1.4047482554163817
    },
    "selected_assets": [
      "GE",
      "CME",
      "WMT",
      "UNH",
      "ICE"
    ]
  },
  "warmstart": {
    "solution": [
      1.0,
      0.0,
      1.0,
      1.0,
      0.0,
      0.0,
      0.0,
      0.0,
      0.0,
      0.0,
      0.0,
      0.0,
      0.0,
      0.0,
      1.0,
      0.0,
      0.0,
      0.0,
      0.0,
      1.0
    ],
    "value": 0.19823581274686883,
    "metrics": {
      "return": 0.21120454278553494,
      "risk": 0.13611303096358712,
      "sharpe": 1.4047482554163817
    },
    "time": 4.345429438009937,
    "probability": 0.17684582365331242,
    "selected_assets": [
      "GE",
      "CME",
      "WMT",
      "UNH",
      "ICE"
    ]
  },
  "standard": {
    "solution": [
      0.0,
      1.0,
      0.0,
      0.0,
      0.0,
      0.0,
      0.0,
      0.0,
      0.0,
      0.0,
      1.0,
      0.0,
      0.0,
      1.0,
      0.0,
      1.0,
      0.0,
      0.0,
      0.0,
      1.0
    ],
    "value": 0.11424318295630483,
    "metrics": {
      "return": 0.1525532633993605,
      "risk": 0.23394163021408226,
      "sharpe": 0.5666082743719437
    },
    "time": 10.2787845205409,
    "probability": 0.09804116618168265,
    "selected_assets": [
      "LRCX",
      "SLB",
      "MMM",
      "CAT",
      "ICE"
    ]
  },
  "improvement": {
    "value_improvement": 73.520911810282,
    "speedup": 2.365424330822466,
    "probability_improvement": 1.803791514735706
  }
}