{
  "tickers": [
    "TFC",
    "WMT",
    "CVS",
    "NEE",
    "MPC",
    "COST",
    "MU",
    "PNC",
    "AMAT",
    "BSX",
    "UPS",
    "PFE",
    "MDLZ",
    "XOM",
    "DUK",
    "BAC",
    "MSCI",
    "FIS",
    "LOW",
    "CVX"
  ],
  "classical": {
    "solution": [
      1.0,
      0.0,
      1.0,
      0.0,
      0.0,
      0.0,
      0.0,
      0.0,
      0.0,
      1.0,
      0.0,
      0.0,
      0.0,
      0.0,
      0.0,
      0.0,
      1.0,
      0.0,
      1.0,
      0.0
    ],
    "value": 0.22403113731088684,
    "metrics": {
      "return": 0.23320808300463933,
      "risk": 0.17489945391331266,
      "sharpe": 1.2190322967521328
    },
    "selected_assets": [
      "TFC",
      "CVS",
      "BSX",
      "MSCI",
      "LOW"
    ]
  },
  "warmstart": {
    "solution": [
      1.0,
      0.0,
      1.0,
      0.0,
      0.0,
      0.0,
      0.0,
      0.0,
      0.0,
      1.0,
      0.0,
      0.0,
      0.0,
      0.0,
      1.0,
      0.0,
      1.0,
      0.0,
      0.0,
      0.0
    ],
    "value": 0.20440467913216978,
    "metrics": {
      "return": 0.21571880674687482,
      "risk": 0.19420030565290952,
      "sharpe": 1.0078192518228024
    },
    "time": 5.309964012951664,
    "probability": 0.15692247042596505,
    "selected_assets": [
      "TFC",
      "CVS",
      "BSX",
      "DUK",
      "MSCI"
    ]
  },
  "standard": {
    "solution": [
      0.0,
      1.0,
      1.0,
      1.0,
      0.0,
      0.0,
      0.0,
      0.0,
      1.0,
      0.0,
      0.0,
      0.0,
      0.0,
      0.0,
      1.0,
      0.0,
      0.0,
      0.0,
      0.0,
      0.0
    ],
    "value": 0.1611267897946669,
    "metrics": {
      "return": 0.17818536134153806,
      "risk": 0.23845734452148284,
      "sharpe": 0.6633696339232991
    },
    "time": 10.766243228858144,
    "probability": 0.11665661002873025,
    "selected_assets": [
      "WMT",
      "CVS",
      "NEE",
      "AMAT",
      "DUK"
    ]
  },
  "improvement": {
    "value_improvement": 26.85952434890211,
    "speedup": 2.027554838902474,
    "probability_improvement": 1.3451656994603058
  }
}