{
  "tickers": [
    "GE",
    "LRCX",
    "CME",
    "WMT",
    "DHR",
    "RTX",
    "SBUX",
    "K",
    "BMY",
    "GIS",
    "SLB",
    "PNC",
    "TXN",
    "MMM",
    "UNH",
    "CAT",
    "VZ",
    "KO",
    "TMO",
    "ICE"
  ],
  "classical": {
    "solution": [
      1.0,
      0.0,
      1.0,
      1.0,
      0.0,
      0.0,
      0.0,
      0.0,
      0.0,
      0.0,
      0.0,
      0.0,
      0.0,
      0.0,
      1.0,
      0.0,
      0.0,
      0.0,
      1.0,
      0.0
    ],
    "value": 0.20855237183550202,
    "metrics": {
      "return": 0.21981044641158196,
      "risk": 0.1500538208515861,
      "sharpe": 1.3315918600247354
    },
    "selected_assets": [
      "GE",
      "CME",
      "WMT",
      "UNH",
      "TMO"
    ]
  },
  "warmstart": {
    "solution": [
      1.0,
      0.0,
      1.0,
      1.0,
      0.0,
      0.0,
      0.0,
      0.0,
      0.0,
      0.0,
      0.0,
      0.0,
      0.0,
      0.0,
      1.0,
      0.0,
      0.0,
      0.0,
      1.0,
      0.0
    ],
    "value": 0.20855237183550202,
    "metrics": {
      "return": 0.21981044641158196,
      "risk": 0.1500538208515861,
      "sharpe": 1.3315918600247354
    },
    "time": 4.1709340314691685,
    "probability": 0.2002073376179337,
    "selected_assets": [
      "GE",
      "CME",
      "WMT",
      "UNH",
      "TMO"
    ]
  },
  "standard": {
    "solution": [
      1.0,
      0.0,
      0.0,
      0.0,
      1.0,
      0.0,
      1.0,
      0.0,
      0.0,
      0.0,
      0.0,
      0.0,
      0.0,
      0.0,
      0.0,
      0.0,
      1.0,
      0.0,
      1.0,
      0.0
    ],
    "value": 0.1503714658031962,
    "metrics": {
      "return": 0.17477806848219204,
      "risk": 0.22093710724545945,
      "sharpe": 0.7005526161353909
    },
    "time": 9.949212856199688,
    "probability": 0.1018529180337174,
    "selected_assets": [
      "GE",
      "DHR",
      "SBUX",
      "VZ",
      "TMO"
    ]
  },
  "improvement": {
    "value_improvement": 38.69145367542806,
    "speedup": 2.3853680689107377,
    "probability_improvement": 1.9656514656915085
  }
}