{
  "tickers": [
    "ZTS",
    "LMT",
    "V",
    "CVS",
    "MCHP",
    "MMM",
    "VZ",
    "T",
    "SBUX",
    "PEP",
    "BLK",
    "AMGN",
    "MDT",
    "WMT",
    "EOG",
    "NEE",
    "TSLA",
    "ICE",
    "CSCO",
    "GIS"
  ],
  "classical": {
    "solution": [
      0.0,
      0.0,
      0.0,
      0.0,
      1.0,
      1.0,
      0.0,
      0.0,
      0.0,
      1.0,
      1.0,
      0.0,
      0.0,
      0.0,
      0.0,
      0.0,
      0.0,
      1.0,
      0.0,
      0.0
    ],
    "value": 0.178976471884576,
    "metrics": {
      "return": 0.210561253634855,
      "risk": 0.21241731752875728,
      "sharpe": 0.8971078999199612
    },
    "selected_assets": [
      "MCHP",
      "MMM",
      "PEP",
      "BLK",
      "ICE"
    ]
  },
  "warmstart": {
    "solution": [
      0.0,
      0.0,
      0.0,
      0.0,
      0.0,
      1.0,
      0.0,
      0.0,
      0.0,
      1.0,
      1.0,
      0.0,
      0.0,
      0.0,
      0.0,
      0.0,
      0.0,
      1.0,
      0.0,
      1.0
    ],
    "value": 0.1458027771785701,
    "metrics": {
      "return": 0.18919990104839163,
      "risk": 0.2489897412396788,
      "sharpe": 0.6795456720665409
    },
    "time": 6.07648893730773,
    "probability": 0.17782562464232846,
    "selected_assets": [
      "MMM",
      "PEP",
      "BLK",
      "ICE",
      "GIS"
    ]
  },
  "standard": {
    "solution": [
      1.0,
      0.0,
      0.0,
      0.0,
      0.0,
      1.0,
      1.0,
      1.0,
      0.0,
      0.0,
      0.0,
      0.0,
      0.0,
      0.0,
      0.0,
      0.0,
      0.0,
      0.0,
      0.0,
      1.0
    ],
    "value": 0.11411201336711888,
    "metrics": {
      "return": 0.1401653261258008,
      "risk": 0.19292231137607813,
      "sharpe": 0.6228689946159384
    },
    "time": 9.607625748145281,
    "probability": 0.09077442749382637,
    "selected_assets": [
      "ZTS",
      "MMM",
      "VZ",
      "T",
      "GIS"
    ]
  },
  "improvement": {
    "value_improvement": 27.77162796128777,
    "speedup": 1.5811146613231668,
    "probability_improvement": 1.958983708869136
  }
}