{
  "tickers": [
    "ICE",
    "LRCX",
    "SO",
    "GILD",
    "SBUX",
    "NKE",
    "REGN",
    "BAC",
    "TMO",
    "SLB",
    "NVDA",
    "CSCO",
    "CL",
    "QCOM",
    "CME",
    "AVGO",
    "TFC",
    "K",
    "EL",
    "LOW"
  ],
  "classical": {
    "solution": [
      0.0,
      0.0,
      1.0,
      1.0,
      0.0,
      0.0,
      0.0,
      1.0,
      0.0,
      1.0,
      1.0,
      0.0,
      0.0,
      0.0,
      0.0,
      0.0,
      0.0,
      0.0,
      0.0,
      0.0
    ],
    "value": 0.20864120535059855,
    "metrics": {
      "return": 0.22652620414959132,
      "risk": 0.18912957885530635,
      "sharpe": 1.0919825730040582
    },
    "selected_assets": [
      "SO",
      "GILD",
      "BAC",
      "SLB",
      "NVDA"
    ]
  },
  "warmstart": {
    "solution": [
      0.0,
      0.0,
      1.0,
      1.0,
      0.0,
      1.0,
      1.0,
      0.0,
      0.0,
      0.0,
      1.0,
      0.0,
      0.0,
      0.0,
      0.0,
      0.0,
      0.0,
      0.0,
      0.0,
      0.0
    ],
    "value": 0.1711850980217232,
    "metrics": {
      "return": 0.18717088412297375,
      "risk": 0.17880596243554384,
      "sharpe": 0.9349290249939831
    },
    "time": 5.624968782680872,
    "probability": 0.24612802374083578,
    "selected_assets": [
      "SO",
      "GILD",
      "NKE",
      "REGN",
      "NVDA"
    ]
  },
  "standard": {
    "solution": [
      1.0,
      0.0,
      0.0,
      1.0,
      0.0,
      1.0,
      0.0,
      1.0,
      0.0,
      1.0,
      0.0,
      0.0,
      0.0,
      0.0,
      0.0,
      0.0,
      0.0,
      0.0,
      0.0,
      0.0
    ],
    "value": 0.17442969681614806,
    "metrics": {
      "return": 0.1968111794955863,
      "risk": 0.21157260068089265,
      "sharpe": 0.83569979726375
    },
    "time": 10.384771502492592,
    "probability": 0.10486511253147876,
    "selected_assets": [
      "ICE",
      "GILD",
      "NKE",
      "BAC",
      "SLB"
    ]
  },
  "improvement": {
    "value_improvement": -1.8601183477631895,
    "speedup": 1.8461918463382454,
    "probability_improvement": 2.3470915903223033
  }
}