{
  "tickers": [
    "TFC",
    "WMT",
    "CVS",
    "NEE",
    "MPC",
    "COST",
    "MU",
    "PNC",
    "AMAT",
    "BSX",
    "UPS",
    "PFE",
    "MDLZ",
    "XOM",
    "DUK",
    "BAC",
    "MSCI",
    "FIS",
    "LOW",
    "CVX"
  ],
  "classical": {
    "solution": [
      0.0,
      0.0,
      1.0,
      0.0,
      0.0,
      0.0,
      0.0,
      1.0,
      0.0,
      1.0,
      0.0,
      0.0,
      0.0,
      0.0,
      0.0,
      0.0,
      1.0,
      0.0,
      1.0,
      0.0
    ],
    "value": 0.21228872461617643,
    "metrics": {
      "return": 0.2312668279061922,
      "risk": 0.1948235267621227,
      "sharpe": 1.084401003397021
    },
    "selected_assets": [
      "CVS",
      "PNC",
      "BSX",
      "MSCI",
      "LOW"
    ]
  },
  "warmstart": {
    "solution": [
      0.0,
      0.0,
      1.0,
      0.0,
      0.0,
      0.0,
      0.0,
      1.0,
      0.0,
      1.0,
      0.0,
      0.0,
      0.0,
      0.0,
      0.0,
      0.0,
      1.0,
      0.0,
      1.0,
      0.0
    ],
    "value": 0.21228872461617643,
    "metrics": {
      "return": 0.2312668279061922,
      "risk": 0.1948235267621227,
      "sharpe": 1.084401003397021
    },
    "time": 5.566498566472912,
    "probability": 0.19355410701283654,
    "selected_assets": [
      "CVS",
      "PNC",
      "BSX",
      "MSCI",
      "LOW"
    ]
  },
  "standard": {
    "solution": [
      0.0,
      1.0,
      1.0,
      0.0,
      0.0,
      0.0,
      0.0,
      1.0,
      0.0,
      0.0,
      0.0,
      1.0,
      0.0,
      0.0,
      0.0,
      0.0,
      0.0,
      0.0,
      0.0,
      1.0
    ],
    "value": 0.16383307680125764,
    "metrics": {
      "return": 0.18322984370015422,
      "risk": 0.19696074176798067,
      "sharpe": 0.8287430390186011
    },
    "time": 11.53052027818664,
    "probability": 0.08655497335129825,
    "selected_assets": [
      "WMT",
      "CVS",
      "PNC",
      "PFE",
      "CVX"
    ]
  },
  "improvement": {
    "value_improvement": 29.576230124579357,
    "speedup": 2.0714134999755682,
    "probability_improvement": 2.236198562816996
  }
}