{
  "tickers": [
    "ICE",
    "LRCX",
    "SO",
    "GILD",
    "SBUX",
    "NKE",
    "REGN",
    "BAC",
    "TMO",
    "SLB",
    "NVDA",
    "CSCO",
    "CL",
    "QCOM",
    "CME",
    "AVGO",
    "TFC",
    "K",
    "EL",
    "LOW"
  ],
  "classical": {
    "solution": [
      0.0,
      0.0,
      1.0,
      1.0,
      0.0,
      0.0,
      0.0,
      1.0,
      0.0,
      1.0,
      1.0,
      0.0,
      0.0,
      0.0,
      0.0,
      0.0,
      0.0,
      0.0,
      0.0,
      0.0
    ],
    "value": 0.20148720583100144,
    "metrics": {
      "return": 0.22652620414959132,
      "risk": 0.18912957885530635,
      "sharpe": 1.0919825730040582
    },
    "selected_assets": [
      "SO",
      "GILD",
      "BAC",
      "SLB",
      "NVDA"
    ]
  },
  "warmstart": {
    "solution": [
      0.0,
      1.0,
      1.0,
      1.0,
      0.0,
      0.0,
      0.0,
      0.0,
      0.0,
      1.0,
      0.0,
      0.0,
      0.0,
      0.0,
      0.0,
      0.0,
      1.0,
      0.0,
      0.0,
      0.0
    ],
    "value": 0.15810724751787406,
    "metrics": {
      "return": 0.18363108184622629,
      "risk": 0.1909518799830853,
      "sharpe": 0.8569231256624491
    },
    "time": 4.9822255033094525,
    "probability": 0.16898593735240927,
    "selected_assets": [
      "LRCX",
      "SO",
      "GILD",
      "SLB",
      "TFC"
    ]
  },
  "standard": {
    "solution": [
      0.0,
      0.0,
      0.0,
      0.0,
      0.0,
      0.0,
      0.0,
      0.0,
      0.0,
      0.0,
      1.0,
      0.0,
      1.0,
      0.0,
      1.0,
      1.0,
      0.0,
      1.0,
      0.0,
      0.0
    ],
    "value": 0.0885141238027669,
    "metrics": {
      "return": 0.11181688929426535,
      "risk": 0.1824545559525849,
      "sharpe": 0.5032315516315533
    },
    "time": 11.737033070711286,
    "probability": 0.08672529447495324,
    "selected_assets": [
      "NVDA",
      "CL",
      "CME",
      "AVGO",
      "K"
    ]
  },
  "improvement": {
    "value_improvement": 78.62375034088257,
    "speedup": 2.3557811790965584,
    "probability_improvement": 1.9485196144385923
  }
}