{
  "tickers": [
    "C",
    "DHR",
    "V",
    "LMT",
    "UPS",
    "META",
    "INTC",
    "ORCL",
    "CMCSA",
    "JPM",
    "MMM",
    "COST",
    "MCHP",
    "RTX",
    "GOOGL",
    "OXY",
    "K",
    "AMAT",
    "PFE",
    "PYPL"
  ],
  "classical": {
    "solution": [
      1.0,
      1.0,
      1.0,
      1.0,
      0.0,
      0.0,
      0.0,
      0.0,
      0.0,
      0.0,
      0.0,
      0.0,
      0.0,
      0.0,
      0.0,
      0.0,
      0.0,
      1.0,
      0.0,
      0.0
    ],
    "value": 0.22467037071688328,
    "metrics": {
      "return": 0.23777177632959967,
      "risk": 0.2089769174870469,
      "sharpe": 1.0420853123316738
    },
    "selected_assets": [
      "C",
      "DHR",
      "V",
      "LMT",
      "AMAT"
    ]
  },
  "warmstart": {
    "solution": [
      1.0,
      1.0,
      1.0,
      1.0,
      0.0,
      0.0,
      0.0,
      0.0,
      0.0,
      0.0,
      0.0,
      0.0,
      0.0,
      1.0,
      0.0,
      0.0,
      0.0,
      0.0,
      0.0,
      0.0
    ],
    "value": 0.19328587588143717,
    "metrics": {
      "return": 0.20621271742885233,
      "risk": 0.20758003715366563,
      "sharpe": 0.8970646695231311
    },
    "time": 6.708414919126551,
    "probability": 0.17905599168046177,
    "selected_assets": [
      "C",
      "DHR",
      "V",
      "LMT",
      "RTX"
    ]
  },
  "standard": {
    "solution": [
      0.0,
      0.0,
      0.0,
      0.0,
      1.0,
      0.0,
      1.0,
      0.0,
      0.0,
      0.0,
      1.0,
      0.0,
      0.0,
      0.0,
      1.0,
      1.0,
      0.0,
      0.0,
      0.0,
      0.0
    ],
    "value": 0.1016783392587185,
    "metrics": {
      "return": 0.11348835640486804,
      "risk": 0.19841049322175094,
      "sharpe": 0.47118655312439534
    },
    "time": 11.188985278195565,
    "probability": 0.10416466359464488,
    "selected_assets": [
      "UPS",
      "INTC",
      "MMM",
      "GOOGL",
      "OXY"
    ]
  },
  "improvement": {
    "value_improvement": 90.09542965648282,
    "speedup": 1.6679029864855754,
    "probability_improvement": 1.7189705750623387
  }
}