{
  "tickers": [
    "HON",
    "EMR",
    "RTX",
    "PEP",
    "MDLZ",
    "PNC",
    "NEE",
    "TMO",
    "AXP",
    "LMT",
    "TFC",
    "COF",
    "KO",
    "JNJ",
    "SO",
    "MRK",
    "DE",
    "MDT",
    "T",
    "MCD"
  ],
  "classical": {
    "solution": [
      0.0,
      0.0,
      0.0,
      0.0,
      0.0,
      0.0,
      0.0,
      1.0,
      0.0,
      1.0,
      0.0,
      0.0,
      1.0,
      0.0,
      0.0,
      1.0,
      0.0,
      1.0,
      0.0,
      0.0
    ],
    "value": 0.1927158005025554,
    "metrics": {
      "return": 0.21643359281605104,
      "risk": 0.18407216098001047,
      "sharpe": 1.0671553578239514
    },
    "selected_assets": [
      "TMO",
      "LMT",
      "KO",
      "MRK",
      "MDT"
    ]
  },
  "warmstart": {
    "solution": [
      1.0,
      0.0,
      0.0,
      0.0,
      0.0,
      0.0,
      0.0,
      1.0,
      0.0,
      1.0,
      0.0,
      0.0,
      1.0,
      0.0,
      0.0,
      0.0,
      0.0,
      1.0,
      0.0,
      0.0
    ],
    "value": 0.17632391324187574,
    "metrics": {
      "return": 0.20067504376560907,
      "risk": 0.18651361698176103,
      "sharpe": 0.9686962629826492
    },
    "time": 5.050769434512054,
    "probability": 0.16911275088533406,
    "selected_assets": [
      "HON",
      "TMO",
      "LMT",
      "KO",
      "MDT"
    ]
  },
  "standard": {
    "solution": [
      1.0,
      0.0,
      0.0,
      0.0,
      0.0,
      0.0,
      0.0,
      0.0,
      0.0,
      0.0,
      1.0,
      0.0,
      0.0,
      0.0,
      0.0,
      0.0,
      1.0,
      1.0,
      0.0,
      1.0
    ],
    "value": 0.13571733701439592,
    "metrics": {
      "return": 0.16807101440306943,
      "risk": 0.21498729991949855,
      "sharpe": 0.6887430767236681
    },
    "time": 8.929296776244108,
    "probability": 0.11624397961880449,
    "selected_assets": [
      "HON",
      "TFC",
      "DE",
      "MDT",
      "MCD"
    ]
  },
  "improvement": {
    "value_improvement": 29.919962416572147,
    "speedup": 1.7679082151780607,
    "probability_improvement": 1.454808682909004
  }
}