{
  "tickers": [
    "CL",
    "SCHW",
    "TMO",
    "TGT",
    "ADBE",
    "NVDA",
    "CRM",
    "SYK",
    "EMR",
    "C",
    "LRCX",
    "MA",
    "VZ",
    "DUK",
    "MRK",
    "WFC",
    "ICE",
    "AMD",
    "PFE",
    "GILD"
  ],
  "classical": {
    "solution": [
      1.0,
      0.0,
      1.0,
      0.0,
      1.0,
      0.0,
      0.0,
      0.0,
      0.0,
      0.0,
      0.0,
      0.0,
      1.0,
      0.0,
      0.0,
      0.0,
      0.0,
      0.0,
      0.0,
      1.0
    ],
    "value": 0.1851041858908912,
    "metrics": {
      "return": 0.2004193542391678,
      "risk": 0.1479148806784139,
      "sharpe": 1.2197512069892604
    },
    "selected_assets": [
      "CL",
      "TMO",
      "ADBE",
      "VZ",
      "GILD"
    ]
  },
  "warmstart": {
    "solution": [
      1.0,
      0.0,
      1.0,
      0.0,
      1.0,
      0.0,
      0.0,
      0.0,
      0.0,
      0.0,
      0.0,
      0.0,
      0.0,
      0.0,
      0.0,
      1.0,
      0.0,
      0.0,
      0.0,
      1.0
    ],
    "value": 0.15674224696672912,
    "metrics": {
      "return": 0.1774607956192486,
      "risk": 0.17204047967398953,
      "sharpe": 0.9152543396625673
    },
    "time": 6.930027802644523,
    "probability": 0.16766831725328094,
    "selected_assets": [
      "CL",
      "TMO",
      "ADBE",
      "WFC",
      "GILD"
    ]
  },
  "standard": {
    "solution": [
      0.0,
      0.0,
      0.0,
      1.0,
      0.0,
      0.0,
      0.0,
      0.0,
      0.0,
      1.0,
      1.0,
      0.0,
      1.0,
      0.0,
      0.0,
      0.0,
      0.0,
      0.0,
      0.0,
      1.0
    ],
    "value": 0.13796809379975203,
    "metrics": {
      "return": 0.1675861932159577,
      "risk": 0.20569776516671132,
      "sharpe": 0.7174905040720492
    },
    "time": 10.131734391083022,
    "probability": 0.09611873685688696,
    "selected_assets": [
      "TGT",
      "C",
      "LRCX",
      "VZ",
      "GILD"
    ]
  },
  "improvement": {
    "value_improvement": 13.607604954103403,
    "speedup": 1.4620048691892285,
    "probability_improvement": 1.744387439286947
  }
}