{
  "tickers": [
    "GE",
    "COF",
    "REGN",
    "MU",
    "PEP",
    "TSLA",
    "BSX",
    "ADBE",
    "ABBV",
    "KLAC",
    "META",
    "UPS",
    "HD",
    "SPGI",
    "GILD",
    "NFLX",
    "XOM",
    "K",
    "EL",
    "INTC"
  ],
  "classical": {
    "solution": [
      0.0,
      1.0,
      0.0,
      0.0,
      0.0,
      0.0,
      1.0,
      0.0,
      0.0,
      1.0,
      0.0,
      1.0,
      0.0,
      0.0,
      0.0,
      0.0,
      0.0,
      0.0,
      1.0,
      0.0
    ],
    "value": 0.17233819231148265,
    "metrics": {
      "return": 0.19730515052107034,
      "risk": 0.18885730898367117,
      "sharpe": 0.9388312873630978
    },
    "selected_assets": [
      "COF",
      "BSX",
      "KLAC",
      "UPS",
      "EL"
    ]
  },
  "warmstart": {
    "solution": [
      0.0,
      1.0,
      0.0,
      0.0,
      0.0,
      0.0,
      1.0,
      0.0,
      0.0,
      1.0,
      0.0,
      1.0,
      0.0,
      0.0,
      0.0,
      0.0,
      0.0,
      0.0,
      1.0,
      0.0
    ],
    "value": 0.17233819231148265,
    "metrics": {
      "return": 0.19730515052107034,
      "risk": 0.18885730898367117,
      "sharpe": 0.9388312873630978
    },
    "time": 6.605115670535829,
    "probability": 0.20546079617354712,
    "selected_assets": [
      "COF",
      "BSX",
      "KLAC",
      "UPS",
      "EL"
    ]
  },
  "standard": {
    "solution": [
      1.0,
      0.0,
      0.0,
      0.0,
      0.0,
      0.0,
      0.0,
      0.0,
      0.0,
      0.0,
      0.0,
      0.0,
      1.0,
      1.0,
      1.0,
      0.0,
      0.0,
      0.0,
      1.0,
      0.0
    ],
    "value": 0.13048645267994077,
    "metrics": {
      "return": 0.15043454606134038,
      "risk": 0.16881136294438923,
      "sharpe": 0.7726644924033275
    },
    "time": 11.929036442625474,
    "probability": 0.06271382809376955,
    "selected_assets": [
      "GE",
      "HD",
      "SPGI",
      "GILD",
      "EL"
    ]
  },
  "improvement": {
    "value_improvement": 32.073628159849264,
    "speedup": 1.8060299073699266,
    "probability_improvement": 3.2761641637685184
  }
}