{
  "tickers": [
    "NVDA",
    "AXP",
    "HON",
    "K",
    "GILD",
    "PYPL",
    "T",
    "V",
    "SYK",
    "JPM",
    "MCD",
    "CSCO",
    "LOW",
    "MU",
    "MCHP",
    "GOOGL",
    "ABT",
    "DHR",
    "ADI",
    "META"
  ],
  "classical": {
    "solution": [
      0.0,
      0.0,
      0.0,
      0.0,
      0.0,
      0.0,
      1.0,
      1.0,
      0.0,
      1.0,
      0.0,
      0.0,
      1.0,
      0.0,
      1.0,
      0.0,
      0.0,
      0.0,
      0.0,
      0.0
    ],
    "value": 0.20075875327965148,
    "metrics": {
      "return": 0.2089385685601881,
      "risk": 0.1651243499158197,
      "sharpe": 1.1442199085507916
    },
    "selected_assets": [
      "T",
      "V",
      "JPM",
      "LOW",
      "MCHP"
    ]
  },
  "warmstart": {
    "solution": [
      0.0,
      0.0,
      0.0,
      0.0,
      0.0,
      0.0,
      1.0,
      1.0,
      0.0,
      1.0,
      0.0,
      0.0,
      1.0,
      0.0,
      1.0,
      0.0,
      0.0,
      0.0,
      0.0,
      0.0
    ],
    "value": 0.20075875327965148,
    "metrics": {
      "return": 0.2089385685601881,
      "risk": 0.1651243499158197,
      "sharpe": 1.1442199085507916
    },
    "time": 6.517736697820675,
    "probability": 0.2101304667128208,
    "selected_assets": [
      "T",
      "V",
      "JPM",
      "LOW",
      "MCHP"
    ]
  },
  "standard": {
    "solution": [
      0.0,
      1.0,
      0.0,
      1.0,
      0.0,
      1.0,
      0.0,
      0.0,
      0.0,
      0.0,
      0.0,
      0.0,
      0.0,
      0.0,
      0.0,
      0.0,
      1.0,
      0.0,
      1.0,
      0.0
    ],
    "value": 0.08800816661242736,
    "metrics": {
      "return": 0.10239783407317665,
      "risk": 0.2190104066077629,
      "sharpe": 0.37622793980172464
    },
    "time": 9.557028637746757,
    "probability": 0.10414194794054621,
    "selected_assets": [
      "AXP",
      "K",
      "PYPL",
      "ABT",
      "ADI"
    ]
  },
  "improvement": {
    "value_improvement": 128.11377739949756,
    "speedup": 1.4663109421008562,
    "probability_improvement": 2.017731287615079
  }
}