{
  "tickers": [
    "ZTS",
    "LMT",
    "V",
    "CVS",
    "MCHP",
    "MMM",
    "VZ",
    "T",
    "SBUX",
    "PEP",
    "BLK",
    "AMGN",
    "MDT",
    "WMT",
    "EOG",
    "NEE",
    "TSLA",
    "ICE",
    "CSCO",
    "GIS"
  ],
  "classical": {
    "solution": [
      0.0,
      0.0,
      0.0,
      0.0,
      1.0,
      1.0,
      0.0,
      0.0,
      0.0,
      1.0,
      1.0,
      0.0,
      0.0,
      0.0,
      0.0,
      0.0,
      0.0,
      1.0,
      0.0,
      0.0
    ],
    "value": 0.19702491859902113,
    "metrics": {
      "return": 0.210561253634855,
      "risk": 0.21241731752875728,
      "sharpe": 0.8971078999199612
    },
    "selected_assets": [
      "MCHP",
      "MMM",
      "PEP",
      "BLK",
      "ICE"
    ]
  },
  "warmstart": {
    "solution": [
      0.0,
      0.0,
      0.0,
      0.0,
      1.0,
      1.0,
      0.0,
      0.0,
      0.0,
      1.0,
      1.0,
      0.0,
      0.0,
      0.0,
      0.0,
      0.0,
      0.0,
      1.0,
      0.0,
      0.0
    ],
    "value": 0.19702491859902113,
    "metrics": {
      "return": 0.210561253634855,
      "risk": 0.21241731752875728,
      "sharpe": 0.8971078999199612
    },
    "time": 5.597085309051662,
    "probability": 0.1815420562501379,
    "selected_assets": [
      "MCHP",
      "MMM",
      "PEP",
      "BLK",
      "ICE"
    ]
  },
  "standard": {
    "solution": [
      0.0,
      0.0,
      0.0,
      0.0,
      0.0,
      0.0,
      0.0,
      1.0,
      0.0,
      0.0,
      0.0,
      1.0,
      1.0,
      0.0,
      0.0,
      1.0,
      1.0,
      0.0,
      0.0,
      0.0
    ],
    "value": 0.12727368660650437,
    "metrics": {
      "return": 0.1406005737324374,
      "risk": 0.2107675427727036,
      "sharpe": 0.5721970856893072
    },
    "time": 8.780788238367025,
    "probability": 0.06760433031547002,
    "selected_assets": [
      "T",
      "AMGN",
      "MDT",
      "NEE",
      "TSLA"
    ]
  },
  "improvement": {
    "value_improvement": 54.80412632987414,
    "speedup": 1.5688144370725683,
    "probability_improvement": 2.6853613578152005
  }
}