{
  "tickers": [
    "C",
    "DHR",
    "V",
    "LMT",
    "UPS",
    "META",
    "INTC",
    "ORCL",
    "CMCSA",
    "JPM",
    "MMM",
    "COST",
    "MCHP",
    "RTX",
    "GOOGL",
    "OXY",
    "K",
    "AMAT",
    "PFE",
    "PYPL"
  ],
  "classical": {
    "solution": [
      1.0,
      1.0,
      0.0,
      1.0,
      0.0,
      0.0,
      0.0,
      0.0,
      1.0,
      0.0,
      0.0,
      0.0,
      0.0,
      0.0,
      0.0,
      0.0,
      0.0,
      1.0,
      0.0,
      0.0
    ],
    "value": 0.20082593898876366,
    "metrics": {
      "return": 0.22720593137847464,
      "risk": 0.19412805931619684,
      "sharpe": 1.0673672425735041
    },
    "selected_assets": [
      "C",
      "DHR",
      "LMT",
      "CMCSA",
      "AMAT"
    ]
  },
  "warmstart": {
    "solution": [
      1.0,
      1.0,
      0.0,
      1.0,
      0.0,
      0.0,
      0.0,
      0.0,
      0.0,
      0.0,
      0.0,
      0.0,
      0.0,
      1.0,
      0.0,
      0.0,
      0.0,
      1.0,
      0.0,
      0.0
    ],
    "value": 0.1787521274805885,
    "metrics": {
      "return": 0.2057858224493646,
      "risk": 0.19651861041923924,
      "sharpe": 0.9453853864172048
    },
    "time": 4.354294084731992,
    "probability": 0.1728978820394044,
    "selected_assets": [
      "C",
      "DHR",
      "LMT",
      "RTX",
      "AMAT"
    ]
  },
  "standard": {
    "solution": [
      0.0,
      1.0,
      0.0,
      1.0,
      0.0,
      1.0,
      0.0,
      0.0,
      0.0,
      0.0,
      0.0,
      1.0,
      0.0,
      0.0,
      0.0,
      0.0,
      0.0,
      0.0,
      0.0,
      1.0
    ],
    "value": 0.13073694834534932,
    "metrics": {
      "return": 0.15969920324170273,
      "risk": 0.2034075953644146,
      "sharpe": 0.6867944286516185
    },
    "time": 10.191067640392424,
    "probability": 0.056207772422939506,
    "selected_assets": [
      "DHR",
      "LMT",
      "META",
      "COST",
      "PYPL"
    ]
  },
  "improvement": {
    "value_improvement": 36.726556450135476,
    "speedup": 2.3404637909337915,
    "probability_improvement": 3.0760493537872593
  }
}