{
  "tickers": [
    "CRM",
    "BAC",
    "PYPL",
    "TXN",
    "LRCX",
    "SYK",
    "AXP",
    "COF",
    "V",
    "GILD",
    "SCHW",
    "CME",
    "ICE",
    "T",
    "BSX",
    "KLAC",
    "BLK",
    "COST",
    "CB",
    "GS"
  ],
  "classical": {
    "solution": [
      0.0,
      0.0,
      0.0,
      0.0,
      0.0,
      0.0,
      1.0,
      1.0,
      0.0,
      0.0,
      0.0,
      1.0,
      0.0,
      0.0,
      0.0,
      0.0,
      1.0,
      1.0,
      0.0,
      0.0
    ],
    "value": 0.18881265729184946,
    "metrics": {
      "return": 0.22284600077230815,
      "risk": 0.22049730636663342,
      "sharpe": 0.9199477495431376
    },
    "selected_assets": [
      "AXP",
      "COF",
      "CME",
      "BLK",
      "COST"
    ]
  },
  "warmstart": {
    "solution": [
      0.0,
      0.0,
      0.0,
      0.0,
      0.0,
      0.0,
      1.0,
      1.0,
      0.0,
      0.0,
      0.0,
      1.0,
      0.0,
      0.0,
      0.0,
      0.0,
      1.0,
      1.0,
      0.0,
      0.0
    ],
    "value": 0.18881265729184946,
    "metrics": {
      "return": 0.22284600077230815,
      "risk": 0.22049730636663342,
      "sharpe": 0.9199477495431376
    },
    "time": 4.773964459867947,
    "probability": 0.18915449158018566,
    "selected_assets": [
      "AXP",
      "COF",
      "CME",
      "BLK",
      "COST"
    ]
  },
  "standard": {
    "solution": [
      1.0,
      0.0,
      0.0,
      0.0,
      0.0,
      0.0,
      0.0,
      0.0,
      1.0,
      0.0,
      0.0,
      1.0,
      1.0,
      0.0,
      0.0,
      0.0,
      0.0,
      1.0,
      0.0,
      0.0
    ],
    "value": 0.11513437746065558,
    "metrics": {
      "return": 0.15339616387587485,
      "risk": 0.23379412926522486,
      "sharpe": 0.570571058799108
    },
    "time": 11.018726376270054,
    "probability": 0.05243657781072151,
    "selected_assets": [
      "CRM",
      "V",
      "CME",
      "ICE",
      "COST"
    ]
  },
  "improvement": {
    "value_improvement": 63.993293277128856,
    "speedup": 2.3080872237106775,
    "probability_improvement": 3.6073004661549435
  }
}