{
  "tickers": [
    "TFC",
    "WMT",
    "CVS",
    "NEE",
    "MPC",
    "COST",
    "MU",
    "PNC",
    "AMAT",
    "BSX",
    "UPS",
    "PFE",
    "MDLZ",
    "XOM",
    "DUK",
    "BAC",
    "MSCI",
    "FIS",
    "LOW",
    "CVX"
  ],
  "classical": {
    "solution": [
      0.0,
      0.0,
      1.0,
      0.0,
      0.0,
      0.0,
      0.0,
      1.0,
      0.0,
      1.0,
      0.0,
      0.0,
      0.0,
      0.0,
      0.0,
      0.0,
      1.0,
      0.0,
      1.0,
      0.0
    ],
    "value": 0.20469748330017012,
    "metrics": {
      "return": 0.2312668279061922,
      "risk": 0.1948235267621227,
      "sharpe": 1.084401003397021
    },
    "selected_assets": [
      "CVS",
      "PNC",
      "BSX",
      "MSCI",
      "LOW"
    ]
  },
  "warmstart": {
    "solution": [
      0.0,
      0.0,
      1.0,
      0.0,
      0.0,
      0.0,
      0.0,
      0.0,
      0.0,
      1.0,
      0.0,
      0.0,
      0.0,
      0.0,
      0.0,
      1.0,
      1.0,
      0.0,
      1.0,
      0.0
    ],
    "value": 0.17897394936630762,
    "metrics": {
      "return": 0.19831364356840098,
      "risk": 0.166217130809129,
      "sharpe": 1.0727753673787253
    },
    "time": 6.0566187608278454,
    "probability": 0.18729317683662014,
    "selected_assets": [
      "CVS",
      "BSX",
      "BAC",
      "MSCI",
      "LOW"
    ]
  },
  "standard": {
    "solution": [
      0.0,
      0.0,
      0.0,
      0.0,
      1.0,
      1.0,
      1.0,
      0.0,
      0.0,
      0.0,
      0.0,
      1.0,
      1.0,
      0.0,
      0.0,
      0.0,
      0.0,
      0.0,
      0.0,
      0.0
    ],
    "value": 0.045340982362940964,
    "metrics": {
      "return": 0.07779115692359324,
      "risk": 0.21530766876612467,
      "sharpe": 0.2684119764743177
    },
    "time": 8.176140067656805,
    "probability": 0.10405930821720281,
    "selected_assets": [
      "MPC",
      "COST",
      "MU",
      "PFE",
      "MDLZ"
    ]
  },
  "improvement": {
    "value_improvement": 294.728874495208,
    "speedup": 1.349951250116204,
    "probability_improvement": 1.7998695171573063
  }
}