{
  "config": {
    "n_assets": 6,
    "budget": 3,
    "risk_factor": 0.5
  },
  "timestamp": "2025-09-08T12:26:38.706735",
  "classical": {
    "solution": [
      0,
      1,
      1,
      1,
      0,
      0
    ],
    "time": 0.007732868194580078,
    "metrics": {
      "valid": true,
      "n_selected": 3,
      "return": 0.2020911154945572,
      "risk": 0.13583368457260547,
      "sharpe": 1.3405446231359963,
      "objective": 0.19286572056227214,
      "selected_assets": [
        1,
        2,
        3
      ]
    }
  },
  "qaoa_cobyla": {
    "solution": [
      1,
      1,
      1,
      1,
      0,
      0
    ],
    "time": 0.7464141845703125,
    "metrics": {
      "valid": false,
      "n_selected": 4,
      "return": 0,
      "risk": Infinity,
      "sharpe": -Infinity
    }
  },
  "qaoa_spsa": {
    "solution": [
      0,
      0,
      0,
      0,
      0,
      0
    ],
    "time": 8.009287118911743,
    "metrics": {
      "valid": false,
      "n_selected": 0,
      "return": 0,
      "risk": Infinity,
      "sharpe": -Infinity
    }
  },
  "qaoa_warmstart": {
    "solution": [
      0,
      1,
      1,
      0,
      1,
      0
    ],
    "time": 2.483254909515381,
    "metrics": {
      "valid": true,
      "n_selected": 3,
      "return": 0.17258179257758385,
      "risk": 0.11140011699751094,
      "sharpe": 1.3696735397593258,
      "objective": 0.1663767995440543,
      "selected_assets": [
        1,
        2,
        4
      ]
    }
  },
  "comparison": {
    "qaoa_cobyla": {
      "approximation_ratio": 0.0,
      "time_ratio": 96.52488129740397,
      "objective_gap": 0.19286572056227214
    },
    "qaoa_spsa": {
      "approximation_ratio": 0.0,
      "time_ratio": 1035.7459764444718,
      "objective_gap": 0.19286572056227214
    },
    "qaoa_warmstart": {
      "approximation_ratio": 0.8626561478058764,
      "time_ratio": 321.1298637232534,
      "objective_gap": 0.026488921018217843
    }
  }
}