{
  "config": {
    "n_assets": 8,
    "budget": 4,
    "risk_factor": 0.5
  },
  "timestamp": "2025-09-08T12:26:59.923231",
  "classical": {
    "solution": [
      1,
      1,
      1,
      0,
      0,
      0,
      0,
      1
    ],
    "time": 0.03704047203063965,
    "metrics": {
      "valid": true,
      "n_selected": 4,
      "return": 0.19617122564218098,
      "risk": 0.11198212635616828,
      "sharpe": 1.573208434012532,
      "objective": 0.18990122733055656,
      "selected_assets": [
        0,
        1,
        2,
        7
      ]
    }
  },
  "qaoa_cobyla": {
    "solution": [
      1,
      1,
      1,
      1,
      0,
      1,
      1,
      1
    ],
    "time": 3.900221824645996,
    "metrics": {
      "valid": false,
      "n_selected": 7,
      "return": 0,
      "risk": Infinity,
      "sharpe": -Infinity
    }
  },
  "qaoa_spsa": {
    "solution": [
      1,
      1,
      0,
      1,
      0,
      0,
      1,
      1
    ],
    "time": 14.180896520614624,
    "metrics": {
      "valid": false,
      "n_selected": 5,
      "return": 0,
      "risk": Infinity,
      "sharpe": -Infinity
    }
  },
  "qaoa_warmstart": {
    "solution": [
      1,
      0,
      1,
      0,
      0,
      0,
      0,
      1
    ],
    "time": 3.091325283050537,
    "metrics": {
      "valid": false,
      "n_selected": 3,
      "return": 0,
      "risk": Infinity,
      "sharpe": -Infinity
    }
  },
  "comparison": {
    "qaoa_cobyla": {
      "approximation_ratio": 0.0,
      "time_ratio": 105.29622358537323,
      "objective_gap": 0.18990122733055656
    },
    "qaoa_spsa": {
      "approximation_ratio": 0.0,
      "time_ratio": 382.84869882015204,
      "objective_gap": 0.18990122733055656
    },
    "qaoa_warmstart": {
      "approximation_ratio": 0.0,
      "time_ratio": 83.45804234064329,
      "objective_gap": 0.18990122733055656
    }
  }
}