{
  "config": {
    "n_assets": 10,
    "budget": 5,
    "risk_factor": 0.5
  },
  "timestamp": "2025-09-08T12:27:36.115871",
  "classical": {
    "solution": [
      0,
      1,
      1,
      1,
      0,
      0,
      0,
      1,
      0,
      1
    ],
    "time": 0.04393720626831055,
    "metrics": {
      "valid": true,
      "n_selected": 5,
      "return": 0.20422461823957355,
      "risk": 0.11171247550676398,
      "sharpe": 1.6490961945285967,
      "objective": 0.19798477964764888,
      "selected_assets": [
        1,
        2,
        3,
        7,
        9
      ]
    }
  },
  "qaoa_cobyla": {
    "solution": [
      0,
      0,
      0,
      0,
      0,
      0,
      0,
      0,
      0,
      0
    ],
    "time": 5.819363117218018,
    "metrics": {
      "valid": false,
      "n_selected": 0,
      "return": 0,
      "risk": Infinity,
      "sharpe": -Infinity
    }
  },
  "qaoa_spsa": {
    "solution": [
      1,
      1,
      1,
      0,
      0,
      1,
      1,
      1,
      1,
      0
    ],
    "time": 25.27070903778076,
    "metrics": {
      "valid": false,
      "n_selected": 7,
      "return": 0,
      "risk": Infinity,
      "sharpe": -Infinity
    }
  },
  "qaoa_warmstart": {
    "solution": [
      1,
      1,
      0,
      0,
      1,
      1,
      0,
      0,
      1,
      0
    ],
    "time": 5.050565719604492,
    "metrics": {
      "valid": true,
      "n_selected": 5,
      "return": 0.1395353039111651,
      "risk": 0.12819566032837554,
      "sharpe": 0.9324442309901381,
      "objective": 0.13131824024765096,
      "selected_assets": [
        0,
        1,
        4,
        5,
        8
      ]
    }
  },
  "comparison": {
    "qaoa_cobyla": {
      "approximation_ratio": 0.0,
      "time_ratio": 132.44727217477183,
      "objective_gap": 0.19798477964764888
    },
    "qaoa_spsa": {
      "approximation_ratio": 0.0,
      "time_ratio": 575.155117588965,
      "objective_gap": 0.19798477964764888
    },
    "qaoa_warmstart": {
      "approximation_ratio": 0.6632744218083655,
      "time_ratio": 114.94963263622847,
      "objective_gap": 0.06666653939999792
    }
  }
}